Nome;2000;2001;2002;2003;2004;2005;2006;2007;2008;2009;2010;2011;2012;2013;2014;2015;2016;2017;2018;2019;2020;2021;2022;2023;2024;2025;2026;2027;2028;2029;2030;2031;2032;2033;2034;2035;2036;2037;2038;2039;2040;2041;2042;2043;2044;2045;2046;2047;2048;2049;2050;2051;2052;2053;2054;2055;2056;2057;2058;2059;2060;2061;2062;2063;2064;2065;2066;2067;2068;2069;2070;2071;2072;2073;2074;2075;2076;2077;2078;2079;2080;2081;2082;2083;2084;2085;2086;2087;2088;2089;2090;2091;2092;2093;2094;2095;2096;2097;2098;2099;2100;2101;2102;2103;2104;2105;2106;2107;2108;2109;2110;2111;2112;2113;2114;2115;2116;2117;2118;2119;2120;2121;2122;2123;2124;2125;2126;2127;2128;2129;2130;2131;2132;2133;2134;2135;2136;2137;2138;2139;2140;2141;2142;2143;2144;2145;2146;2147;2148;2149;2150;2151;2152;2153;2154;2155;2156;2157;2158;2159;2160;2161;2162;2163;2164;2165;2166;2167;2168;2169;2170;2171;2172;2173;2174;2175;2176;2177;2178;2179;2180;2181;2182;2183;2184
01/08/2015;576.5630048;606.1140716;574.3044925;693.8052754;639.86;640.1207455;502.9167347;654.3260016;677.9489292;630.1349593;620.5723794;610.1918506;561.7011494;521.4499136;570.201581;572.2446982;637.7528548;603.5373609;575.9552239;496.862969;673.0519263;703.5084746;622.8920226;607.1910204;578.4532554;594.472155;655.8346121;576.9697693;765.0537084;753.6986301;620.9783514;565.1519525;551.8572594;521.996916;518.0095465;646.8367347;610.1438965;596.3762765;571.8522538;624.9056143;743.8574879;557.4125596;470.7286512;597.6294166;584.7809847;598.441249;567.4799345;660.9369885;591.1108453;639.5016287;462.4827586;514.5455342;490.7972244;697.7632479;552.6674473;485.9051095;531.0072698;503.7427626;489.3968903;563.9853539;646.1636364;667.2360999;568.6395257;556.5768283;530.5715467;786.4332016;566.9383617;792.9868637;525.2853755;626.5853061;808.8230958;544.4684543;796.1733668;851.5375204;803.5440067;599.7079935;644.8384555;624.3912019;651.1183673;699.646559;809.8881579;739.1885057;540.5201005;782.0295082;771.1579779;684.5727924;720.4410617;625.2390966;773.7523077;728.1697959;710.3060729;728.2004773;803.4093567;831.4416327;781.3202726;840.9086651;885.2112554;695.3908241;653.7053061;760.5692175;666.9214162;586.8927142;692.5144748;674.8232522;631.5890968;689.282449;873.7905138;785.7271215;858.1027165;560.0023401;497.4579592;623.091273;669.1257051;493.5782644;584.2032653;633.0008403;563.314376;557.7590946;573.7420965;568.5647789;610.2267303;650.5632653;594.3060109;567.1405152;556.7624683;640.8881686;583.1590164;637.4835255;539.8615123;551.6563246;565.3517787;560.767461;575.9677419;696.3081494;548.6689304;554.9057471;470.3149798;562.2333874;552.4168081;595.0808163;511.8785047;633.4765314;557.7763819;617.9382609;572.4898132;501.8175842;541.1594324;497.8980424;556.3738318;578.3159558;496.2122762;595.2815126;530.1503698;521.9251472;595.7297508;554.1680261;542.2957634;584.0692821;595.9268694;589.8548124;549.200493;544.7727652;569.8563265;517.4579592;600.242141;610.3107667;498.6921141;560.0423108;502.074199;567.2232598;595.4980237;531.3489461;536.1372706;590.8237154;507.3376309;548.028103;560.2042139;491.2732607;622.8620143;497.6442464;615.7174781;533.8408129;653.6652789;571.2220367;617.5855211
01/08/2015;572.0936995;604.0541216;568.2196339;693.7230411;634.5024;635.0769854;507.995102;657.3912019;677.1663921;637.4674797;621.8460899;612.7988115;552.5402299;526.2262522;569.0909091;569.9331158;637.7593801;602.990461;566.6582875;486.091354;674.3098827;697.920339;620.6921837;614.0391837;576.3564274;595.740113;649.2131287;581.4120923;752.3069054;756.747784;619.5695254;569.4864177;547.4902121;523.7178103;519.3198091;658.3289796;599.2077607;591.3534957;577.6602671;623.9389748;747.0064412;559.0468998;473.5881883;603.8964667;580.5704584;595.8685292;562.045864;653.4435352;588.5717703;632.2931596;465.8819923;514.3038529;492.3014649;686.4871795;546.5620609;480.2919708;529.3739903;504.4284533;487.0613748;550.8803906;642.5715415;669.6357776;561.9470356;563.5168447;534.8172043;794.6703557;554.2587186;794.9786535;517.7438735;619.7510204;793.5356265;556.6293375;790.6465662;845.6207178;812.1341157;608.4869494;649.3766745;623.8531029;647;691.1495327;821.6809211;742.2383142;535.3417085;781.2721311;777.8254344;685.9713604;721.1873536;629.4353583;777.1507692;728.8955102;697.6639676;718.5807478;796.4202172;831.9289796;783.8994889;839.0031226;869.7333333;697.5836873;631.5518367;761.5674979;674.2271157;593.4323459;681.0901572;694.8350353;643.6013019;660.6097959;840.6403162;787.8502496;856.6935484;564.8705148;503.2432653;613.3202562;660.1966156;481.9067315;572.0465306;643.0344538;571.8396524;559.1325788;558.6896839;557.2847168;604.2155927;655.7387755;609.7330211;569.2880562;552.1749789;631.7123177;586.2745902;634.214168;535.8683093;531.7661098;563.7351779;567.6023007;579.9295416;673.3573854;565.5865874;542.3992337;470.0323887;551.732577;558.3089983;588.2310204;512.8300765;638.1917263;560.4145729;619.8495652;564.8022071;505.94659;536.6861436;503.0130506;557.4638912;574.1729858;491.6163683;601.5243697;539.251438;521.3103448;590.0404984;547.9665579;533.8665068;581.466611;593.7066557;592.9388254;554.5710764;537.1829574;566.0677551;510.877551;607.0093458;608.6019576;488.9337248;558.9707079;509.9865093;567.3633277;598.9960474;537.4332553;531.5363128;572.5003953;505.1112006;556.2833724;558.439222;498.8290025;607.5130849;501.9789303;614.6703911;527.9043184;636.4104913;582.0500835;621.7136038
11/08/2015;568.6550889;582.0566195;550.3094842;679.1916214;615.884;585.0453809;475.1110204;640.427337;658.5807249;611.7894309;567.8793677;600.2979626;520.9244663;513.6735751;547.3660079;545.9241436;608.7699837;595.100159;537.316575;463.7463295;650.6616415;664.509322;596.1498791;584.5371429;540.533389;556.4430993;628.7766411;543.5775656;749.5345269;737.7671233;607.9675271;554.2606112;520.2275693;524.1757903;512.6292761;640.2122449;583.7445432;564.0722702;556.9791319;616.7347437;743.1111111;555.1677266;466.3423783;566.8866064;572.6646859;602.957272;546.03276;617.2684124;580.4409888;596.1783388;441.3977011;490.9404553;458.692367;668.9384615;553.5932865;460.7777778;510.361874;489.3995037;483.4165303;548.6314076;626.2110672;659.6043513;546.2885375;533.8603122;503.2588916;774.6940711;550.4987835;777.2619048;501.9604743;612.1918367;758.8705979;528.8596215;786.5092127;837.6867863;785.3939648;584.2773246;622.3120567;693.051846;687.0538776;684.2812234;782.6085526;727.4735632;511.8056951;761.2090164;756.7409163;668.7677009;707.7564403;614.911215;777.7576923;707.077551;664.9489879;711.5115354;794.1261487;816.4906122;771.0758092;834.6939891;860.6709957;683.8912489;621.7330612;751.0619089;651.8998273;550.0232186;678.1124897;651.7659073;608.8893409;712.7371429;861.6300395;776.9242928;830.8217317;543.6918877;481.9420408;612.77502;647.3142627;474.9221411;569.0889796;619.9504202;553.0647709;541.0282943;567.9866889;548.5500388;582.5306285;637.4489796;575.6775956;548.1373927;532.7083686;621.6815235;549.3155738;618.3187809;536.8045879;533.681782;539.6948617;549.5439606;586.4872666;668.491511;530.3293718;530.4030651;446.417004;552.4886548;536.5840407;576.6318367;499.9430756;634.3754972;526.8056951;617.1165217;558.901528;474.6721446;533.4398998;493.5905383;543.3279524;576.1903633;473.8286445;581.6193277;516.7871816;502.7771236;578.0786604;531.4714519;538.1630695;583.812187;583.2391126;582.088907;527.2818406;539.1052632;557.6514286;495.3371429;580.7536109;589.8907015;486.9706376;558.549227;482.4679595;552.3022071;583.0055336;524.0952381;518.0678372;579.7652174;485.7389202;529.1249024;524.9991896;469.7996647;597.333069;479.8946515;601.3296089;530.3480102;650.5595337;552.2445743;614.8329356
11/08/2015;576.7140549;585.1648626;545.9642263;660.1807603;620.7584;563.7658023;489.2383673;612.3456402;627.3031301;624.9682927;584.4384359;610.0382003;534.5853859;488.3013817;565.5936759;537.7226754;599.1052202;643.5898251;538.8350353;493.8393148;643.1281407;644.5161017;579.8847703;577.0440816;543.5025042;565.3292978;642.5882353;561.3110581;744.9607843;727.439162;598.1665279;566.7181664;518.2487765;534.7185813;489.3349244;594.5338776;577.9005659;545.3071485;547.4148581;632.5638731;744.2898551;568.4141494;466.849162;482.8069022;541.6960951;577.36894;538.3333333;626.5785597;576.6547049;566.1482085;444.9877395;538.4089317;479.5481881;662.757265;567.6221702;470.8345499;506.3812601;505.4929694;518.0924714;528.6175753;632.4411067;697.3102337;524.9905138;478.1939195;480.0711332;750.1968379;564.2716951;795.2586207;494.7201581;601.9730612;721.047502;490.2641956;789.6943049;843.7145188;796.7476949;599.9127243;616.9858156;673.3613511;688.1844898;648.6210705;784.6455592;761.3425287;524.3567839;775.8180328;787.1532385;681.3556086;738.843872;622.3613707;793.8453846;741.0636735;640.4080972;717.9379475;790.1562239;841.1559184;794.1626917;862.9211553;818.9878788;693.1588785;596.0106122;746.8409286;673.2029361;575.8182546;660.5690653;701.90652;623.2310822;655.2497959;807.4901186;764.5599002;832.6434635;556.0358814;487.9795918;589.253803;637.8412571;457.7769667;548.1616327;632.8142857;569.4091627;545.0185934;521.4284526;532.295578;577.3603819;653.1126531;609.5191257;555.2287276;522.5164835;599.197731;584.6795082;620.4085667;531.6525064;487.7438345;543.0150198;560.2867707;589.2495756;657.2088285;548.1629881;511.0804598;450.7465587;523.6790924;534.3981324;543.3265306;504.9354291;627.9220366;569.0988275;631.7173913;545.8743633;503.2695152;515.0901503;497.088907;546.0892099;567.007109;478.0213129;580.3394958;535.4354971;520.8494533;588.5366044;528.1998369;504.6354916;577.2921536;591.3467543;594.2300163;545.400986;517.4828739;557.0310204;491.4726531;593.0552251;601.9706362;468.6736577;558.0561432;501.4114671;571.8480475;590.4403162;531.7259953;508.1636073;548.4529644;483.8122482;557.4886807;534.5518639;500.9119866;595.0396511;516.534846;596.9632881;526.1685013;626.4612823;576.9549249;603.372315
08/01/2016;846.4959612;729.7901749;699.9950083;787.5283165;707.5056;744.828201;669.6604082;789.7242734;766.2611203;678.6894309;681.1106489;756.0602716;693.1428571;755.2227979;684.2695652;677.1101142;664.7650897;678.1685215;745.1696779;744.141925;732.278057;783.8966102;762.6075745;722.6816327;723.7429048;733.3389831;812.859335;666.9140811;801.7953964;830.4770346;750.8168193;712.4219015;763.9437194;784.5265998;736.1662689;794.2171429;778.0371867;777.0282797;771.927379;724.100895;808.1795491;779.7027027;690.2561852;748.010682;824.9006791;805.0912079;774.3095823;720.2913257;763.8277512;704.6921824;695.1402299;700.6917688;708.2166538;791.5675214;801.2896175;717.6650446;728.9838449;745.2315964;770.1104746;807.721725;753.3011858;763.1103948;713.4608696;734.3196385;731.1670802;822.5604743;785.2019465;840.1699507;675.4181818;759.9102041;772.5446355;726.5047319;817.5159129;858.08646;872.8063705;870.2854812;834.0118203;739.4139827;710.3697959;735.6983857;721.53125;831.4988506;704.4899497;845.0647541;793.1421801;761.4980111;788.0163934;756.8309969;803.5023077;828.1869388;772.9012146;818.6022275;827.342523;848.2383673;829.7120954;858.9375488;895.6155844;797.7383178;787.5036735;831.3740327;813.1502591;779.9479584;825.5103391;828.221524;812.7371847;769.8171429;774.4110672;748.6148087;766.3013582;737.774571;737.7567347;732.5268215;783.2965351;671.1922141;743.082449;778.6033613;772.9905213;706.8447858;742.8993344;768.4259116;763.5298329;784.7844898;739.9281811;739.4543326;712.4530854;740.1053485;743.4163934;733.6392092;799.9838573;736.4081146;760.6173913;828.673788;747.0195246;785.6918506;742.1714771;739.5900383;714.3004049;744.3200972;737.1129032;729.2057143;687.7663551;785.681782;803.8299832;809.2234783;704.3896435;788.6179129;808.0617696;743.4241436;831.3024639;806.3870458;727.0792839;744.2722689;775.4420707;765.9074853;848.0350467;766.0905383;715.0991207;779.4106845;780.2703369;779.9861338;749.8373048;722.3517126;794.3167347;741.4146939;761.1129992;747.4412724;750.8112416;801.3824247;761.7478921;781.6994907;809.4616601;719.9336456;706.2657622;758.3067194;732.0966962;711.7416081;716.8427877;747.6923722;779.6153846;722.9829822;684.8786911;752.7451312;753.0374688;722.0100167;845.1296738
07/04/2016;610.996769;609.7352206;529.4941764;667.6128782;586.7784;602.9141005;540.3469388;644.2317361;642.6235585;590.5520325;587.5881864;643.9847199;540.2676519;550.470639;546.8442688;535.0016313;583.7969005;580.2019078;552.6378633;492.4159869;640.9740369;622.4127119;585.44722;616.6;546.409015;589.3575464;627.4876385;554.3253779;672.8115942;722.4399678;579.6552873;578.0050934;566.12969;573.1688512;544.9212411;682.2759184;552.8399353;581.9780047;593.4941569;595.4369406;727.3397746;581.9467409;504.0638468;593.9506984;584.5483871;597.4601479;570.8484848;572.9754501;575.7033493;563.0374593;503.2942529;522.5525394;525.1464919;623.8897436;560.2763466;489.9626926;548.7633279;577.6377171;539.7438625;564.0903173;602.7573123;646.3553586;539.398419;577.1503698;560.9983457;746.4743083;552.9529603;736.0615764;487.0395257;582.2897959;682.6543817;587.2586751;712.1549414;735.2292007;757.6035205;666.1916803;662.2931442;664.0769835;631.9257143;641.2897196;671.4745066;722.9172414;504.458124;739.4729508;715.1066351;647.6475736;694.8782201;607.521028;705.2553846;688.9404082;624.8477733;673.043755;723.4761905;771.1142857;730.3168654;767.726776;758.6735931;673.8581138;597.0726531;693.9019776;658.1062176;603.3634908;672.7998346;703.9418696;651.007323;618.5542857;709.9391304;701.531614;718.5297114;539.525741;516.9314286;596.5908727;619.361805;470.1646391;549.0595918;624.9714286;563.6990521;541.9369442;523.5923461;542.6485648;562.6499602;628.7420408;585.5565964;564.7119438;539.9983094;597.2179903;550.9032787;613.0280066;567.4180119;555.4661893;583.8213439;634.4650781;642.8132428;611.4066214;558.9685908;546.262069;524.5530364;561.7382496;556.1222411;550.0057143;547.2761257;651.0477327;576.6097152;611.7913043;539.2572156;545.6729663;564.0100167;563.8866232;605.4953271;591.3270142;520.2514919;587.0521008;570.0238291;540.5189235;600.1760125;538.908646;554.4740208;582.3580968;573.8438784;610.5391517;584.6910435;522.0401003;559.2302041;531.2506122;599.0807137;573.276509;547.6300336;605.6224573;567.5387858;584.3336163;599.4205534;577.442623;528.245012;562.5130435;521.3037873;532.6932084;542.6450567;549.5213747;560.0245837;519.3249595;557.8667199;549.3886537;636.5478768;587.884808;673.5743835
15/08/2016;688.5096931;665.3505412;787.7104825;624.9348332;580.4384;597.1969206;489.9706122;538.0102121;654.3789127;558.8552846;696.7620632;727.0602716;488.3333333;826.9188256;598.770751;570.7569331;539.2022838;684.3736089;502.4736842;756.4559543;643.8458961;635.4101695;572.9605157;521.7526531;446.4298831;486.5310734;742.8047741;587.7223548;840.4117647;812.8388396;727.4079933;619.3633277;698.3336052;520.1156515;516.0127287;687.7436735;694.1422797;627.8161822;698.6327212;729.4304312;812.0877617;666.8807631;582.1388667;645.2374692;509.934635;588.5834018;702.3677314;728.3805237;725.9593301;720.9625407;582.7095785;547.4273205;625.4410177;793.4641026;701.2896175;651.2303325;549.8966074;626.4863524;576.8837971;586.8828316;694.4071146;781.1369863;632.5810277;572.5061627;612.2696443;844.3075099;715.6301703;881.7151067;648.4055336;787.5444898;781.7780508;632.4842271;805.6775544;880.0424144;721.7041073;611.7553018;539.0409771;732.4430479;667.5191837;673.0807137;752.8601974;772.1517241;551.3442211;772.8786885;810.9897314;655.9347653;644.2958626;655.2819315;834.2130769;797.0310204;608.0291498;690.6507558;885.2748538;733.7363265;823.572402;754.1928181;872.8779221;786.4384027;707.4832653;839.3637145;750.3186528;634.9367494;761.3945409;745.9049489;657.5524817;762.9763265;814.4687747;755.5207987;823.844652;643.7472699;577.9983673;676.8999199;724.5068493;567.512571;651.3959184;727.5277311;653.3744076;651.7978981;639.202995;653.4794414;677.043755;738.1485714;686.2295082;654.3505074;636.183432;709.1523501;656.1327869;715.490939;631.2633815;616.5704057;654.286166;678.2563681;661.5305603;774.0195246;641.1714771;627.2390805;553.7651822;645.7747164;633.0169779;663.0163265;603.6593033;724.9411297;641.4941374;710.4347826;635.5840407;584.9630238;624.1076795;604.4486134;657.4808836;677.8238547;584.3111679;675.0302521;632.5834018;623.3380992;678.6806854;628.6835237;628.9568345;667.3597663;676.4741167;684.3083197;639.7921118;632.5931495;658.4408163;602.6922449;690.4740867;702.3001631;583.2860738;641.2587469;612.6214165;651.917657;681.6;632.5800156;611.7956903;650.0237154;604.0410959;637.1030445;628.4092382;602.1944677;661.2268041;606.3711507;665.557063;626.9517358;713.7593672;656.7746244;664.7120127
23/12/2016;891.7439418;716.3147377;719.484193;804.3855702;700.6872;763.5940032;659.757551;805.8318932;774.5345964;672.8414634;675.6797005;750.0237691;716.5361248;769.425734;665.6577075;674.0538336;642.591354;663.363275;762.8821681;803.5285481;745.2001675;773.0050847;806.264303;710.3142857;711.927379;753.5899919;856.7885763;684.5648369;869.3435635;886.6019339;771.4796003;753.5764007;818.9298532;843.692367;766.4168656;806.4383673;835.6459175;827.505106;802.5784641;783.7323027;863.2512077;832.8290938;740.8100559;765.2966311;887.0016978;857.1117502;828.3169533;782.9558101;807.0263158;740.1506515;753.3471264;731.4474606;744.4340786;862.4700855;863.5191257;780.8450933;799.5928918;784.2216708;850.1783961;866.46786;793.2150198;813.272361;763.2079051;742.6187346;769.6765922;861.6071146;843.0186537;889.8029557;751.4758893;831.882449;829.2866503;758.8643533;876.1641541;890.3433931;917.6554904;906.2634584;866.3073286;721.8578162;710.9657143;753.5641461;733.7615132;855.1149425;732.8743719;863.2745902;832.3562401;797.8249801;830.587822;776.3037383;829.1984615;848.6677551;795.9676113;846.5958632;848.9640769;872.8473469;852.9327087;911.6448087;914.417316;811.8054376;800.9804082;836.7368874;831.7107081;786.0568455;840.6062862;848.0164965;832.3832384;766.7869388;771.1288538;748.5690516;778.0449915;762.7028081;774.3126531;740.1152922;814.89444;677.4249797;769.2546939;807.2277311;804.7567141;732.9280517;788.609817;795.1908456;815.7939539;809.9502041;772.2068696;770.5214676;762.4142012;793.9408428;789.8737705;753.6054366;820.0016992;769.3460621;785.941502;837.735415;780.2911715;833.9227504;799.4728353;736.0022989;759.4834008;743.6158833;749.3828523;787.4587755;705.8232795;793.2561655;806.1842546;830.1026087;753.786927;814.3352506;829.6010017;775.5424144;846.7255735;828.1966825;763.9011083;792.1932773;789.6606409;800.68545;871.7943925;800.2438825;730.8265388;797.1168614;817.3459326;809.9323002;760.6787182;772.0175439;835.637551;763.4783673;795.1546304;787.5954323;764.5260067;827.9528072;767.5708263;818.483871;836.4213439;737.2279469;731.4724661;771.2632411;762.5205479;743.2771272;758.1993517;781.7326069;823.4845361;754.1580227;750.4269753;769.7857748;775.4321399;742.3397329;880.58393
21/02/2017;811.0105008;725.1448793;683.562396;800.587277;696.4912;743.1636953;627.4171429;786.1759623;776.2817133;676.0544715;677.5058236;769.6443124;665.8899836;720.351468;669.9003953;637.4608483;651.7300163;691.6740859;732.5019639;714.0799347;750.2537688;750.8076271;747.3473006;700.8489796;683.8914858;713.6020985;799.6496164;651.0708035;839.6487639;834.2949234;761.0174854;681.0322581;735.7153344;763.8311488;475.8289578;784.9910204;772.1430881;761.5585232;758.7846411;731.8502848;841.0853462;769.3481717;658.1396648;702.5538209;788.9847199;803.3212818;756.3005733;731.2111293;760.5183413;700.5700326;647.6574713;701.3633975;678.6530455;807.7991453;777.6775956;693.1427413;721.6453958;709.7038875;739.2283142;760.6159479;742.2727273;766.0523771;679.9462451;708.5932621;704.3176179;854.1968379;761.4898621;877.5960591;653.5810277;762.1910204;803.4840295;699.3801262;874.0502513;873.1696574;914.9388097;788.1272431;764.7415288;773.4304792;753.0734694;772.017842;836.8256579;902.8528736;697.4455611;862.4655738;846.314376;783.982498;822.5612802;768.2577882;863.3346154;869.9297959;790.3198381;826.4836913;877.5697577;897.5869388;870.9165247;910.6487119;951.0450216;840.3806287;824.1665306;858.1298366;849.5587219;818.367494;855.7493797;871.1264729;837.0317331;797.635102;890.1905138;893.28203;868.9159593;750.3034321;756.2987755;741.928743;813.9758259;665.9480941;755.2710204;811.0109244;790.492891;739.9458367;744.7096506;768.8983708;801.531424;808.1355102;780.2677596;767.3395785;714.2975486;759.0883306;776.3188525;773.0197694;814.7459643;745.7008751;778.2932806;831.588332;764.6358234;827.8166384;758.9762309;755.364751;687.8412955;759.9076175;757.5365025;745.0310204;721.9498726;797.9403341;813.3140704;842.2556522;743.5755518;788.2136401;818.4774624;732.9706362;771.8173322;809.1690363;759.1636829;668.4403361;803.9580937;784.5576114;799.9493769;783.4420881;743.6035172;823.3071786;827.6672145;800.2618271;767.7296631;703.5689223;815.2326531;764.9012245;583.0824129;585.4690049;745.2768456;847.5028478;793.1298482;813.0076401;848.3620553;746.7252147;702.9608939;798.1343874;761.3650282;741.5644028;741.6418152;778.3067896;798.4837431;700.8525122;732.8196329;795.8577477;826.8842631;808.5183639;885.566428
21/07/2017;569.6534733;607.1498751;540.4234609;689.734678;615.864;603.1175041;495.2963265;648.4296936;655.6523888;644.6422764;609.5715474;616.991511;505.6633826;523.1925734;566.401581;552.4502447;593.2088091;595.5349762;534.828751;457.1590538;672.89866;667.7067797;597.0572119;622.6938776;544.9699499;593.4753834;608.3248082;586.5616547;728.1909633;760.2377115;599.244796;565.0118846;525.7724307;539.3955281;506.6372315;670.16;560.6628941;560.2655145;566.4891486;625.2790887;762.9742351;561.3259141;456.0590583;563.0123254;536.8327674;575.9613804;531.7731368;616.7880524;564.9250399;613.1612378;441.3670498;499.7267951;491.4441018;648.7512821;532.5846995;449.0608273;507.1365105;505.9098428;498.3944354;513.7257933;638.0664032;689.9411765;529.3747036;548.9687757;512.0463193;806.3256917;524.1719384;818.2832512;484.6537549;594.8506122;749.6167076;547.4960568;772.701005;826.7324633;810.7342833;622.8980424;642.1339638;730.5970149;714.1771429;717.9456245;829.5296053;755.0697318;515.7361809;797.1;778.6390205;689.1662689;727.4371585;618.6814642;765.2438462;720.9159184;668.5659919;698.8186158;777.8546366;835.0065306;783.7487223;844.2380952;822.4320346;683.642311;603.6318367;752.6448839;673.3566494;589.9583667;679.27378;684.6323645;632.6224573;657.922449;832.5146245;778.4950083;835.7657046;542.4531981;475.1959184;595.0472378;631.3279613;457.9067315;544.1004082;654.6655462;538.3333333;538.414713;540.8377704;527.605896;555.1622912;639.5583673;594.9032006;550.8844653;540.8258664;614.6750405;548.9319672;631.0749588;524.5293118;529.2824185;557.9043478;580.4478225;587.852292;631.4609508;543.1222411;516.1908046;450.7838057;537.856564;562.8667233;548.5412245;518.6958369;671.1726333;538.4564489;608.1095652;537.5254669;493.3336072;515.2420701;520.3727569;549.8224299;560.464455;476.3137255;589.9907563;537.7329499;502.9537426;567.4680685;518.8352365;534.7777778;575.0350584;583.7526705;587.4233279;537.8726376;509.6741855;553.5036735;490.2742857;593.3143585;571.7512235;459.9958054;557.7510171;501.1408094;560.540747;581.4442688;540.9516003;510.8539505;536.8213439;493.9371475;533.2177986;539.0518639;484.2749371;571.4647105;483.1482982;588.4588986;519.9517358;632.6894255;576.8313856;648.0771679
26/07/2017;514.4894992;576.7810158;486.40599;639.6027929;585.9992;555.9100486;447.3583673;603.7391987;616.1738056;624.7691057;593.6489185;585.3319185;467.1091954;464.4611399;541.5288538;489.7495922;598.7495922;577.1995231;518.8774548;394.317292;633.6365159;633.9118644;549.4891217;586.3118367;505.4382304;561.8321227;562.5652174;557.1233095;673.8448423;722.8630137;545.0932556;512.0305603;472.8972268;491.3739399;455.3556086;633.4979592;509.9393694;508.3322859;518.4015025;572.6411717;730.8236715;520.5230525;402.6193136;513.7066557;485.4117148;534.5299918;477.3210483;569.9631751;518.4481659;565.8127036;399.7226054;455.7224168;434.7617579;599.1008547;476.5495706;393.6034063;455.4628433;453.0885029;445.4468085;459.9324654;582.7936759;646.7630943;478.7470356;486.7756779;470.2299421;767.0063241;472.4906732;768.6141215;418.0047431;534.2930612;702.4095004;502.8264984;728.3283082;769.1786297;773.4777871;588.0685155;599.035461;694.3527101;691.0546939;680.8470688;789.7680921;709.1233716;457.7336683;749.3254098;734.4115324;621.5441527;674.2232631;567.0116822;721.9376923;667.9542857;617.9020243;650.1726333;730.1654135;800.9387755;736.6320273;794.6635441;789.1168831;640.2192014;563.5118367;702.2932072;637.9982729;539.7766213;630.688172;628.2034564;581.1480879;621.1461224;789.1011858;729.1663894;791.3081494;490.4828393;424.8881633;550.0592474;573.6655923;394.1257097;492.1387755;601.1336134;483.471564;484.9037995;483.2928453;464.3048875;506.3038982;601.4416327;541.70726;498.5800156;502.1563821;579.0016207;493.0557377;595.2932455;469.6525064;478.4455052;510.484585;547.7198028;557.1256367;561.5687606;498.4465195;465.6206897;404.1246964;481.2487844;490.1137521;492.1673469;465.7638063;635.760541;490.1968174;568.7217391;493.2674024;450.8110107;471.942404;478.0538336;500.1469839;514.8775671;425.7425405;551.9084034;489.7444536;454.0916737;512.5490654;470.1166395;485.4292566;529.630217;531.4724733;537.9380098;493.938373;463.8939014;495.8465306;429.4146939;544.5080714;517.4282219;414.1107383;511.3539463;454.9527825;503.6247878;535.7280632;493.7619048;455.3423783;490.0932806;440.3948429;478.8508977;475.6053485;436.3176865;512.8747026;440.3727715;538.0614525;467.7891617;594.0074938;527.1819699;605.8973747
03/11/2017;939.7722132;831.6994172;820.1938436;913.5213344;810.792;862.1426256;786.5273469;908.7745483;856.675453;803.4934959;803.9292845;863.8132428;828.8908046;833.0785838;799.4197628;825.814845;758.0350734;773.0063593;855.6315789;869.4004894;903.6231156;874.7389831;855.4327156;802.1510204;802.5859766;854.3769169;911.1483376;781.3309467;913.9846547;932.7574537;811.0432973;839.1850594;827.8482871;879.3238242;822.5497216;872.6791837;898.5222312;905.043205;827.1903172;886.630594;919.0072464;856.8736089;810.971269;809.6746097;905.6578947;875.8701726;843.9402129;874.5482815;839.4250399;853.7833876;774.1900383;806.0770578;786.7101002;912.857265;848.0562061;829.4103812;856.4313409;822.5318445;853.7823241;897.637917;871.6885375;942.991942;831.1509881;785.6088743;812.5078577;922.3581028;877.9562044;976.3316913;804.1905138;906.5861224;918.5986896;795.3288644;937.2529313;943.9632953;937.4400671;905.4168026;868.4814815;874.6127258;861.2881633;878.7672048;876.4901316;950.4344828;838.5108878;965.1180328;945.1619273;883.7804296;921.9086651;897.8403427;944.3576923;954.637551;894.1238866;915.3190135;952.4837093;973.4791837;960.5093697;978.1803279;978.0580087;876.2939677;874.6253061;912.4987102;875.8816926;860.0104083;894.7791563;898.3157895;885.3555736;859.3893878;933.5905138;905.8136439;931.7308998;844.1723869;815.6195918;850.8366693;887.6478646;759.3187348;850.5208163;896.0731092;844.7393365;861.5513339;927.1106489;912.6889061;893.2362768;968.0261224;869.9211553;858.5175644;883.830093;911.2414911;885.2614754;869.1820428;942.115548;867.1949085;932.3067194;939.5809367;865.7988115;914.2147708;922.6791171;839.8337165;857.2842105;849.7455429;852.5687606;883.9902041;826.8130841;900.9880668;925.9078727;976.1113043;846.5619694;895.863599;861.8981636;908.0473083;891.8929482;887.9557662;817.6419437;903.0016807;837.94659;843.5416316;907.6464174;845.6941272;843.3964828;861.5776294;886.0180772;896.6615008;861.1980279;883.1787803;870.7028571;831.7542857;906.5531011;883.7936378;834.9026846;872.7583401;841.029511;866.7011885;892.3288538;834.7033568;877.3902634;862.8648221;826.0443191;855.2935207;875.3411669;834.744342;942.5305313;856.4424635;839.9577015;845.7171888;904.1715237;841.2654424;924.8679395
13/11/2017;926.1332795;803.6094921;768.5665557;866.5857254;772.4496;826.5251216;733.4897959;853.8059701;821.378089;756.0113821;762.9767055;826.6706282;779.1387521;785.0215889;775.1810277;764.1101142;720.139478;744.9992051;823.9300864;831.5040783;845.0058626;823.8067797;820.61805;745.9395918;734.1068447;809.5334948;879.0502984;725.0851233;884.7331628;911.203062;777.9159034;793.3370119;813.8858075;869.5875096;796.3317422;829.1404082;904.3427648;854.0526316;798.4131886;839.1521562;886.0853462;832.4459459;778.3088587;772.9613804;900.1375212;859.6688578;817.3112203;847.2602291;820.1451356;815.286645;745.5356322;778.9325744;743.4417887;890.1504274;847.7751756;798.5831306;840.9022617;794.1513648;836.8764321;871.2774614;828.7130435;908.1885576;783.2758893;751.2604766;770.891646;888.3525692;859.1021898;952.5541872;768.5833992;871.9567347;888.8886159;760.5197161;938.5175879;930.1231648;933.6362112;903.7504078;865.5855004;809.2435192;805.9012245;840.5497026;808.8486842;899.0613027;754.1557789;908.1663934;878.9826224;837.7159905;875.7447307;826.6448598;886.4669231;897.1502041;832.848583;878.4280032;898.1704261;923.4228571;895.0068143;935.8118657;964.0164502;850.751062;852.3804082;896.8770421;857.7210708;824.6565252;863.337469;865.4823252;865.4646054;830.035102;863.9185771;850.2628952;862.3548387;821.4906396;800.6506122;798.7870296;846.4585012;717.947283;809.3673469;834.5210084;828.7867299;807.0452708;859.2470882;835.5709853;834.4972156;903.0310204;821.4800937;812.5550351;809.5908707;840.7884927;840.7860656;796.0032949;864.7544605;814.0588703;863.9359684;876.1380444;797.3327674;847.9719864;864.098472;793.2275862;787.0874494;780.3290113;809.1400679;821.0473469;764.7765506;859.0580748;847.1407035;906.4878261;815.8047538;815.1635168;839.6193656;812.2732463;848.5403568;843.5971564;772.3239557;828.192437;804.5488907;808.902439;873.8450156;826.1247961;791.6842526;815.7295492;840.451931;845.9184339;803.7518488;802.3283208;838.4636735;779.3730612;848.6329652;829.2544861;801.5251678;840.0463792;804.5809444;845.5730051;844.0837945;788.5089774;783.3072626;821.855336;795.4133763;832.1233411;782.0056726;810.2799665;848.6978588;790.2001621;806.4604948;806.1176969;847.4279767;804.0392321;905.58393
17/01/2018;947.4006462;817.9958368;805.4559068;871.9387122;798.3408;854.0324149;756.0285714;879.0322074;835.4110379;781.6447154;794.0873544;828.1994907;803.1001642;840.8082902;767.9067194;777.5163132;749.733279;758.3314785;850.5302435;846.9714519;850.2495812;865.0228814;863.8896052;799.3853061;805.3130217;831.7828894;924.3759591;776.5592681;917.7621483;964.0572119;860.6136553;859.1926995;872.9649266;880.8912876;820.8424821;910.6228571;913.6620857;953.6881383;879.2370618;865.275834;932.0909823;900.3966614;793.6328811;820.0394412;917.7393888;895.4987675;883.1736282;854.9680851;876.5255183;834.240228;805.056705;800.7635727;823.1272167;929.6358974;908.1451991;833.4914842;847.4208401;850.9760132;946.1252046;957.8120423;903.6743083;917.0048348;856.0806324;819.5612161;841.4739454;926.3517787;891.5563666;962.9876847;802.8735178;894.3942857;894.2964783;811.7988959;940.3165829;942.2463295;963.6923722;952.2357259;936.8542159;848.5074627;818.1028571;842.306712;839.0814145;942.3954023;859.4103853;961.1647541;926.2511848;914.0747812;934.4800937;897.3216511;921.8684615;941.4791837;921.7449393;945.3229912;935.5906433;986.8628571;948.5187394;997.4106167;1018.950649;895.1835174;901.9191837;934.3465176;921.5569948;895.7165733;945.5268817;955.3621367;943.3930024;878.1763265;930.1328063;908.8510815;950.3718166;870.3346334;861.8016327;843.0800641;903.3666398;793.052717;856.4269388;886.3655462;872.4968404;840.2029103;850.1198003;902.4305663;892.708035;860.3306122;863.537861;874.8430913;852.3541843;868.1604538;894.5188525;850.9102142;917.7646559;876.1408115;865.7422925;908.9794577;850.6443124;912.7691002;880.9694397;879.4789272;843.7214575;874.5867099;873.3132428;861.6889796;837.7332201;905.2633254;865.1809045;892.226087;779.2470289;903.230074;840.7420701;872.5032626;932.5607477;924.2045814;813.5328218;897.8428571;840.433032;867.9840202;958.3971963;805.4184339;784.5835332;860.0358932;892.8036154;919.0489396;868.3525062;869.6165414;884.9763265;817.0653061;900.9872557;885.9698206;787.2919463;911.810415;801.1939292;874.6426146;913.3849802;778.392662;816.2178771;822.2426877;779.3408541;775.9968774;850.713128;795.4400671;912.2910389;840.7536467;775.3439745;827.1812024;801.1323897;746.6310518;870.4264121
22/01/2018;828.0177706;693.8534555;671.1123128;754.1008534;674.48;724.4813614;638.6555102;757.2780833;723.2710049;662.4609756;665.2013311;710.0814941;664.9942529;716.2236615;651.4055336;648.1468189;621.8042414;636.6955485;717.1736057;717.6541599;716.218593;752.2745763;736.2796132;671.0620408;677.9774624;701.5932203;783.7919864;643.4828958;794.6973572;814.6446414;710.2456286;680.2640068;735.7039152;773.0100231;712.9506762;751.2318367;794.279709;750.3676355;736.1944908;708.5947925;797.2640902;764.2241653;661.0989625;702.4741167;810.6986418;775.4880855;739.041769;717.6464812;736.6539075;694.8916938;671.5616858;670.8309982;666.4448728;797.5529915;770.3395785;680.5742092;710.3804523;700.4052936;754.3919804;766.3051261;733.7533597;750.6035455;681.7897233;697.8134758;689.6997519;799.9454545;753.648013;824.8661741;664.0284585;738.9191837;754.6126126;680.9629338;821.9564489;829.1076672;839.6068734;830.5717781;810.5973207;733.7242734;705.7910204;726.7723025;734.8840461;808.9111111;681.2077052;812.5827869;780.3127962;748.0540971;766.9086651;725.6580997;788.4046154;800.3444898;755.1279352;792.5306285;799.2005013;832.9240816;803.3620102;838.8235753;872.8467532;770.6193713;761.0261224;805.8839209;775.1519862;750.4739792;803.5459057;801.2741555;779.6655818;752.9477551;805.8426877;743.7462562;843.8480475;717.3970359;709.5420408;719.8734988;771.1402095;636.0097324;724.44;756.1285714;738.4423381;694.3306386;732.8402662;760.1155935;755.5791567;767.3036735;717.7533177;740.0843091;714.1327134;731.8573744;722.7311475;713.7726524;788.9320306;722.5497216;744.2158103;776.1059984;717.7283531;769.7283531;742.139219;722.6291188;692.3789474;721.302269;726.1612903;711.1216327;673.5522515;757.4367542;759.0820771;790.5826087;708.8404075;756.4617913;785.0158598;731.1044046;789.613424;785.7369668;715.2327366;746.787395;752.4963024;739.823381;823.9649533;750.3588907;708.9408473;769.2328881;773.3500411;766.8874388;720.2867707;726.700919;778.0922449;715.3314286;758.9218352;737.5946166;699.5041946;792.5760781;741.0750422;773.7724958;802.5770751;698.3762685;669.9146049;747.829249;709.4174053;701.6612022;704.0437601;732.2380553;754.5305313;694.7212318;688.4676776;742.5232854;743.5004163;714.8255426;829.7199682
11/02/2018;784.6631664;641.5170691;613.9442596;713.7300233;621.8016;672.3063209;585.0073469;716.6543598;690.2537068;606.5447154;617.9916805;668.2648557;609.7110016;679.097582;601.4885375;575.3988581;585.406199;608.227345;680.2168107;656.8425775;665.8165829;718.479661;685.8710717;616.9697959;628.2345576;653.2445521;732.658994;582.4574383;687.2429668;788.1208703;701.8884263;628.5186757;700.6663948;430.1056284;445.7414479;725.68;663.9975748;700.4721131;643.2495826;674.0244101;652.0048309;396.6232114;628.6272945;611.8562038;490.3047538;394.0912079;716.6052416;505.9762684;667.2767145;601.1286645;625.764751;308.466725;624.8010794;764.4940171;444.843872;638.4987835;679.0508885;676.5574855;692.2364975;715.1936534;683.801581;704.5253828;622.687747;371.2374692;667.4110835;760.0055336;713.9391727;804.9146141;639.913834;713.6269388;510.5438165;654.6466877;780.3207705;818.9771615;841.7451802;844.1092985;828.6635146;680.7211312;665.3069388;695.4885302;714.6751645;774.9095785;628.2353434;783.4352459;733.8364929;709.9029435;734.2654176;681.5280374;771.3584615;770.4008163;724.7060729;756.8074781;769.716792;801.9363265;774.5851789;809.4387198;842.7748918;729.6992353;710.2595918;775.9793637;738.1528497;699.8807046;756.7138131;756.3495679;739.3205858;688.7730612;734.8039526;694.7079867;730.4414261;661.1622465;657.5706122;680.6581265;728.1345689;585.3090024;682.1110204;723.6672269;686.164297;631.0767987;695.344426;718.6920093;709.3587908;741.8138776;688.4277908;674.1506635;649.591716;713.6523501;675.2106557;688.2281713;747.8861512;671.4256165;692.4577075;742.9030403;674.7920204;731.0093379;699.9354839;662.2099617;631.2825911;658.6199352;666.7512733;665.8106122;617.3636364;733.0397772;718.0351759;751.926087;668.1417657;717.0788825;743.3171953;685.1476346;748.8147833;747.7045814;672.771526;712.9092437;724.4313887;702.9596299;777.978972;706.6916803;664.0375699;722.1235392;728.3853739;728.0513866;672.6803615;671.0258981;735.964898;664.5069388;716.3024639;698.0073409;657.0696309;762.4442636;686.3246206;732.2419355;750.8189723;645.4839969;624.2490024;705.4134387;668.2860596;643.5128806;655.9019449;677.293378;701.8643933;634.6612642;640.9138069;708.7087214;710.0691091;696.8639399;827.8591885
12/04/2018;575.003231;576;523.0357737;625.840962;575.2376;579.7139384;500.6840816;607.2081697;604.4390445;569.4154472;550.0274542;578.2258065;513.3596059;533.7426598;515.4086957;516.9902121;542.9828711;531.6891892;556.6433621;479.1239804;614.9673367;622.0542373;568;556.5828571;523.7679466;555.2154964;597.4049446;522.3126492;668.6939471;671.2191781;592.4238135;546.2122241;535.7952692;543.4202005;532.9610183;625.4955102;576.1123686;553.3699921;566.5342237;573.3010578;685.9959742;555.200318;484.2665603;577.6261298;576.1434635;606.0057518;543.0794431;628.8747954;569.1443381;606.1131922;466.5693487;486.2460595;485.2559753;631.9623932;546.607338;479.7907543;525.2399031;514.2903226;498.3649755;534.2384052;595.1620553;613.5721193;527.2371542;553.9613804;514.0760959;709.6750988;539.8004866;722.5558292;495.9612648;571.7077551;748.7362817;547.8746057;733.9271357;758.4323002;730.5549036;613.4412724;631.2474389;673.2780833;628.2669388;624.9039932;681.2557566;691.0704981;500.5360134;691.5721311;674.7898894;628.4844869;656.8641686;594.5404984;695.2084615;670.0318367;640.1506073;646.0373906;688.0893901;741.677551;698.4787053;743.3989071;767.0147186;661.9141886;623.5526531;697.3645744;650.4870466;593.9751801;654.0132341;668.8672427;631.635476;636.2791837;734.6031621;671.390183;701.7792869;530.326053;490.635102;574.6301041;604.1426269;468.5750203;552.084898;613.9840336;523.8894155;524.9975748;539.5615641;538.8595811;561.256961;613.5836735;583.245121;545.5542545;529.8343195;612.5153971;532.8827869;590.4258649;543.7340697;530.2410501;535.4656126;580.0484799;568.9601019;618.7937182;541.7266553;537.2896552;469.4955466;555.4797407;567.6112054;556.4228571;522.5004248;622.7215593;526.821608;590.5365217;514.0365025;517.4634347;553.9524207;534.6541599;568.5964316;574.2496051;494.6376812;569.5226891;555.0879211;534.1740959;587.1487539;521.7773246;550.1430855;583.0509182;587.5727198;585.7430669;551.705834;528.6649958;556.9167347;496.5779592;574.0543755;562.1313214;477.1308725;584.1244915;526.6644182;569.1994907;590.4703557;534.0663544;505.5179569;558.5565217;514.5294118;493.167057;526.3427877;518.8725901;568.6026963;487.4683955;523.5051875;532.3988146;593.0316403;558.1260434;658.8743039
22/05/2018;518.9523425;559.2972523;480.9633943;632.651668;594.4976;547.3200972;475.8522449;601.5789474;602.7784185;619.8804878;583.4267887;568.8590832;477.9310345;485.3471503;520.6932806;493.0318108;582.6019576;558.2384738;504.2050275;402.7577488;632.0979899;615.1101695;554.5535858;554.8783673;485.2687813;552.6553672;572.6265985;545.4526651;657.7902813;707.7824335;554.2722731;515.8455008;470.6924959;502.5065536;456.513922;632.3665306;511.3144705;498.4925373;537.8046745;562.6794142;726.099839;522.40938;418.2027135;508.7510271;497.729202;537.2350041;488.2792793;562.1022913;504.9481659;541.8184039;415.1708812;468.2574431;441.1688512;581.4495726;475.4465262;396.7866991;471.8877221;470.9197684;457.6301146;449.3336046;580.5873518;630.991942;472.0498024;501.2736237;484.9139785;764.4608696;461.2838605;758.8136289;427.1193676;513.4865306;701.2547093;504.3817035;721.3760469;751.6141925;772.1709975;579.8205546;600.1749409;678.854674;675.1755102;725.0305862;822.1439145;733.11341;464.3350084;728.1737705;726.063981;634.7812251;672.6245121;578.4602804;718.0261538;684.8767347;593.859919;635.7677009;726.4068505;791.8391837;732.5238501;797.1053864;808.4735931;711.4715378;688.6334694;759.4625967;734.3851468;700.3738991;718.579818;762.3731343;741.7892596;709.5828571;802.9003953;768.7437604;802.3556876;598.1583463;537.2220408;638.4811849;694.8767123;507.2051906;681.8669388;658.2285714;616.0189573;508.6168149;481.2237937;470.9123351;545.3890215;628.7918367;567.5893833;515.1803279;500.8554522;596.3881686;526.3639344;584.6523888;477.5369584;483.7820207;508.0577075;559.6187346;567.4329372;589.1222411;523.6519525;501.6390805;405.4421053;519.8581848;538.2920204;520.2538776;503.4146134;647.5497216;499.6691792;586.5843478;487.2325976;482.8989318;470.1410684;502.7414356;536.6720476;588.0868878;452.9624893;572.7596639;524.2391126;492.7544155;533.0327103;452.4510604;511.0663469;538.1627713;565.4897288;593.0791191;543.0353328;481.8863826;526.3983673;464.4244898;572.9745115;543.497553;442.7072148;543.8633035;467.5910624;513.9516129;583.2624506;526.9570648;504.6703911;493.5304348;449.6680097;500.5823575;512.6183144;459.4903604;534.1657415;449.2358185;526.7206704;501.2565622;646.2531224;592.1101836;625.2163882
01/06/2018;489.3901454;553.0324729;475.4708819;619.6377036;574.3784;542.6758509;466.2538776;575.6127258;588.5197694;596.9682927;566.2645591;550.7071307;473.5287356;463.1079447;499.058498;492.4690049;561.5685155;550.7408585;500.7564808;383.3613377;631.9355109;601.6677966;523.6510878;545.8604082;464.0267112;531.5835351;559.7007673;527.8353222;662.3486786;689.4842869;563.7418818;517.1290323;462.7487765;490.8804934;458.0135243;620.0171429;525.0080841;499.9536528;519.196995;571.5207486;714.9557166;505.3895072;412.0989625;503.759244;483.4295416;520.9046836;476.018018;572.0499182;504.7488038;549.3135179;400.6858238;464.7355517;424.7023901;589.025641;459.1249024;391.1297648;463.2043619;444.2018197;434.49018;434.6533767;582.9233202;630.8404512;483.429249;484.1700904;455.8444996;756.4118577;464.7534469;749.4129721;435.6679842;531.8122449;709.5241605;487.3288644;724.5351759;764.9119086;764.3227158;567.1916803;592.0535855;668.1390416;659.3893878;644.2735769;760.53125;708.1249042;459.2043551;710.4344262;733.3009479;628.265712;659.7868852;581.1004673;705.8453846;670.8293878;594.4890688;634.0835322;700.8387636;782.72;722.7649063;773.9687744;791.3038961;633.8436703;557.1142857;688.2020636;617.3126079;542.2153723;609.1571547;639.461901;564.0154597;599.5795918;763.1201581;701.2687188;765.3896435;491.0811232;400.1559184;534.8238591;551.008058;383.5255474;490.6661224;581.4226891;469.8878357;494.8852061;451.2379368;444.3141971;511.0859189;569.2685714;539.5191257;502.3411397;480.8360101;566.0461912;493.7245902;587.8500824;440.2013594;446.5584726;473.8592885;519.4387839;534.8421053;548.3556876;498.6383701;459.651341;383.0898785;489.1612642;491.5967742;494.2122449;477.2302464;619.9490851;467.2085427;539.8695652;465.6247878;444.2259655;444.1018364;471.0228385;489.8589635;505.2993681;429.5242967;545.602521;483.1405094;447.039529;485.7383178;443.3662316;484.82494;521.9223706;526.5398521;545.1557912;483.6080526;444.6232247;479.4187755;416.0620408;547.1096007;514.2699837;378.0637584;511.8885273;450.7824621;487.5212224;520.1857708;491.7876659;468.4022346;468.3699605;439.5471394;455.7025761;484.6880065;440.79715;501.1371927;430.7204214;500.7326417;460.5520745;583.3522065;537.6669449;591.7319014
21/06/2018;472.0864297;527.5395504;456.3394343;605.9464701;564.0448;534.3363047;450.9420408;566.4281225;584.7413509;582.6439024;555.1039933;547.5551783;440.7980296;437.5673575;486.9438735;477.1182708;551.0008157;543.9721781;466.4171249;358.9836868;610.1901173;595.459322;525.2489927;544.5477551;457.1410684;525.9063761;544.6112532;530.4526651;647.1892583;684.3271555;531.3455454;478.5704584;438.8482871;471.9807247;426.3428799;615.4473469;497.2651576;487.3684211;515.9173623;550.5280716;705.1513688;483.2432432;392.5977654;509.2021364;460.3514431;504.8044371;458.7199017;562.7160393;487.2065391;527.8599349;377.9463602;438.7618214;422.7401696;560.8897436;441.5433255;369.9951338;438.4305331;431.3779983;419.1841244;422.53214;563.0972332;613.4157937;456.56917;471.9975349;467.1240695;746.6972332;442.1670722;739.8218391;408.1818182;500.8220408;696.990172;473.2886435;706.2135678;748.723491;750.5590947;554.8058728;581.7966903;656.1029065;642.8979592;635.4460493;755.3486842;700.4758621;429.160804;710.9622951;716.807267;618.6173429;655.824356;554.2647975;697.8369231;656.4881633;581.0712551;619.4057279;700.8412698;758.755102;722.0826235;758.6955504;785.0181818;622.4010195;539.4179592;666.3929493;602.2797927;516.1689351;600.3829611;618.3747054;555.0317331;584.915102;749.8640316;696.0066556;763.2572156;464.7347894;381.3069388;531.0240192;536.72361;368.5442011;470.7526531;573.8512605;451.678515;475.650768;457.781198;442.0480993;483.8607796;568.524898;526.9336456;478.4184231;485.8655959;539.9837925;457.1516393;571.5807249;438.3551402;464.0453461;472.1620553;512.0509449;533.2190153;543.5908319;488.4074703;447.840613;384.8283401;466.1507293;488.5135823;488.6514286;471.6627018;625.9904535;455.3827471;521.0208696;455.6757216;414.4954807;425.0225376;448.8768352;471.9881054;493.7432859;402.8917306;515.9201681;462.0509449;434.8216989;461.7834891;422.5848287;468.3868905;501.9749583;498.8964667;529.7185971;472.0377979;443.4511278;460.0620408;406.7706122;526.0968564;501.6835237;369.033557;484.263629;422.1045531;463.024618;510.2972332;470.4293521;444.3974461;444.5770751;416.2965351;439.8961749;458.808752;406.7401509;474.9690722;411.2763371;496.7031125;435.5859441;555.4704413;503.6560935;568.9172633
26/06/2018;514.7738288;574.0074938;515.9392679;659.4538402;616.0544;586.6110211;481.9453061;609.9261587;632.3228995;600.8186992;574.2262895;584.6222411;497.7060755;487.373057;518.0932806;527.5660685;597.4208809;572.54531;534.3126473;407.54323;656.5067002;651.7372881;564.2046737;580.802449;508.8105175;551.5415658;590.9428815;553.5330151;703.5686275;710.564867;580.2622814;530.9906621;483.411093;484.4795682;470.7199682;630.3510204;536.5392078;528.0078555;536.7220367;583.8738812;737.6014493;511.2066773;422.1779729;560.4675431;516.8904924;554.0772391;494.0802621;604.8232406;535.4130781;597.6734528;406.5141762;464.8616462;439.5659214;619.5119658;498.8766589;413.8353609;482.2835218;464.2580645;442.4697218;469.4320586;608.56917;645.6728445;503.8379447;531.9958915;491.5508685;778.1762846;480.6942417;770.1666667;466.1185771;550.8995918;754.1482391;516.8809148;744.3559464;781.1199021;771.6890193;559.3833605;599.2411348;704.5333857;683.8097959;672.2880204;776.2179276;720.0835249;477.6658291;735.0672131;749.4794629;650.459825;673.8360656;588.2001558;728.4107692;690.202449;637.2882591;669.5147176;740.2581454;785.3738776;753.8262351;800.4004684;859.2008658;655.0450297;590.6465306;718.1736887;633.7219344;544.4427542;632.2754342;635.4021995;582.4361269;640.6473469;797.6632411;731.2246256;813.2911715;508.4524181;432.484898;569.6789432;596.6156326;429.7923763;517.2742857;593.1890756;496.471564;510.174616;503.6039933;484.9689682;531.7096261;597.0677551;552.9703357;511.175644;511.8715131;586.3606159;496.2081967;591.2018122;472.0628717;495.5377884;495.9652174;528.8323747;558.2597623;587.7809847;509.6867572;486.2842912;403.0048583;511.4205835;530.6154499;525.9877551;483.7196262;634.7597454;487.4187605;549.6617391;501.3378608;441.3122432;464.2929883;475.4331158;500.2897196;527.9723539;433.8976982;553.7310924;494.7559573;468.2952061;510.9104361;473.4192496;500.4492406;542.1185309;556.7132293;557.1386623;499.3557929;485.5112782;505.8;448.9395918;557.5921835;547.9396411;410.2860738;517.184703;452.9030354;490.7342954;546.3881423;504.7892272;485.8419792;501.173913;458.8460919;491.8672912;508.7341977;441.5238894;540.628866;441.1596434;547.9385475;483.4326842;589.3230641;535.2203673;608.8472554
01/07/2018;510.2600969;560.4712739;500.9891847;643.3832428;600.0616;568.60859;465.4253061;599.5938727;610.2364086;610.6780488;565.4916805;573.6341256;484.4802956;474.6027634;521.4063241;512.276509;592.2071778;580.5651828;522.110762;413.4143556;642.9740369;627.5957627;551.7026591;578.5730612;513.1252087;553.6263115;575.827792;539.7708831;705.7357204;698.3690572;580.3896753;521.4779287;486.362969;493.919815;468.7414479;614.2146939;544.0711399;521.0117832;531.5225376;574.7908869;718.8099839;512.5389507;416.0861931;531.5398521;510.0382003;538.9967132;483.9410319;599.4517185;537.7926635;574.6547231;405.3103448;475.3677758;444.233616;626.1726496;497.4153005;420.6812652;471.6058158;460.6071133;444.6423895;463.5191212;595.4158103;643.0564061;507.8426877;505.4428924;478.108354;751.429249;489.0583942;763.7651888;461.6205534;546.7730612;732.990172;494.7783912;735.6164154;779.8017945;763.6647108;553.141925;587.2986604;684.5946583;670.0236735;666.1580289;781.3034539;711.5049808;482.618928;729.5877049;746.0987362;643.2235481;689.5862607;586.1098131;734.7076923;687.317551;624.3692308;654.9077168;738.267335;781.1934694;744.6073254;801.5628415;827.2415584;650.0917587;584.8702041;705.5588994;637.156304;547.2489992;628.4913151;647.2843676;581.8307567;621.4987755;793.1881423;719.0757072;799.1587436;507.7566303;429.7918367;565.652522;606.467365;420.0016221;516.7738776;607.6789916;500.9186414;505.2805174;491.7329451;476.4701319;527.213206;595.3093878;553.687744;509.0124902;503.86306;581.6539708;498.1327869;587.9085667;465.55565;490.2704853;504.2924901;514.4889071;540.6757216;594.3752122;500.6434635;480.3754789;405.7975709;498.6928687;510.811545;512.1297959;490.0331351;627.0771679;494.0854271;550.4695652;499.2198642;446.3064914;464.3397329;467.9706362;498.0416313;509.5189573;429.6709292;551.2789916;485.8603122;465.7703953;511.3317757;475.725938;491.9624301;538.5876461;540.0394412;549.0742251;499.5513558;475.7000835;506.3779592;444.8204082;543.0093458;540.9200653;414.7063758;507.9194467;455.8844857;491.7979626;533.9762846;491.5269321;477.1005587;502.1343874;450.548751;489.5612802;494.8622366;438.3989941;542.5471848;449.6815235;546.6432562;478.6104996;582.9009159;540.4874791;607.1845664
21/07/2018;568.1494346;592.7318901;540.7479201;680.0915438;635.912;602.8541329;516.6759184;645.8758837;654.8953871;658.1276423;605.7778702;606.827674;520.6756979;523.4360967;568.5992095;555.3923328;618.5986949;620.3195548;550.8138256;459.6598695;685.4363484;669.7211864;609.4585012;624.715102;562.8706177;603.3736885;635.6189258;594.5934765;745.6436488;772.5229654;617.6427977;571.9320883;543.0644372;567.9321511;531.9180589;674.4244898;605.716249;578.427337;592.1352254;628.0292921;780.8864734;583.2662957;489.5674381;584.3788003;576.0848896;606.096138;550.7133497;656.4541735;594.8923445;628.2540717;471.9057471;549.8283713;499.4541249;672.9179487;556.7478532;469.8532036;535.4281099;527.7857734;507.0949264;531.5581774;658.1312253;710.2054795;548.541502;560.4601479;537.2150538;811.8561265;545.378751;822.4474548;519.7936759;598.4163265;777.7706798;560.7752366;801.9899497;831.7357259;828.3487008;626.7659054;667.0126084;732.7800471;725.7910204;710.1299915;829.9893092;783.3249042;536.5720268;785.2098361;808.0781991;693.1957041;732.295082;632.9338006;794.2430769;751.9404082;671.6931174;717.6332538;815.8721805;850.6897959;813.9965928;858.0359094;910.2735931;699.6873407;625.162449;750.760963;694.6278066;609.5436349;669.5938792;696.3951296;634.5044752;678.6946939;842.7509881;778.1572379;865.5806452;566.3627145;483.7657143;624.6845476;645.2441579;476.8961882;564.1493878;664.1033613;556.6548183;563.7267583;557.343594;539.6066718;580.2418457;675.0146939;616.7213115;575.8306011;565.20541;635.1515397;559.9860656;650.3377265;544.942226;550.8106603;579.7494071;583.8496302;622.7003396;650.6893039;575.7716469;527.9770115;470.048583;563.5145867;572.7945671;563.4865306;540.5429057;699.893397;562.4505863;629.7252174;569.2886248;508.0361545;530.7570952;546.5163132;573.4953271;586.042654;511.9812447;597.5865546;566.2769104;538.9983179;574.546729;543.3939641;560.3956835;603.2345576;610.9613804;619.7030995;571.8060805;536.5430242;570.8742857;517.2889796;612.6907392;600.6247961;499.1308725;583.6110659;526.3743676;565.557725;607.9217391;572.4676034;544.8731045;556.8324111;523.9726027;568.5027322;551.8841167;513.1818944;583.2902458;515.0567261;604.0957702;544.9322608;635.6144879;595.0417362;706.3174224
26/07/2018;576.0121163;614.8401332;569.233777;702.8564779;658.0096;622.7982172;530.3093878;666.4579733;680.2018122;660.0317073;622.0732113;626.6086587;532.9203612;543.873057;578.6980237;564.5040783;641.1117455;626.2861685;574.9387274;476.1092985;703.8802345;675.7559322;607.3150685;627.1216327;566.015025;597.0443906;635.3964194;603.9984089;742.9079284;759.1813054;614.2289759;568.4847199;536.8711256;562.8535081;523.2362768;682.3322449;590.5254648;576.0392773;587.39399;627.4963385;782.4396135;565.9554849;486.1173184;590.8841413;571.7156197;603.0788825;545.0712531;637.0842881;581.323764;633.3078176;473.7310345;521.474606;485.8103315;667.8957265;548.793911;465.5506894;528.1736672;517.6501241;502.2332242;523.4865745;644.3517787;699.3255439;549.115415;562.9630238;539.6129032;805.9636364;543.1281427;816.2504105;514.1059289;599.6914286;781.999181;567.7570978;788.9824121;819.8858075;818.217938;614.8238173;656.5681639;747.6527887;736.3918367;713.5463042;821.3207237;772.6597701;541.8542714;800.1262295;801.9146919;697.4415274;721.8782201;642.6323988;799.14;750.9608163;695.3773279;707.5942721;805.6148705;849.3118367;804.5511073;856.4324746;887.0675325;699.2676296;638.6;761.0782459;690.8635579;604.6501201;690.9181141;702.2482325;635.716843;685.2514286;854.0505929;788.6838602;872.4151104;560.4570983;491.8661224;620.1993595;652.4601128;475.0316302;559.4106122;672.0890756;555.1761453;560.8415521;563.5432612;547.9992242;578.9363564;670.8416327;603.7283372;570.6252927;569.8554522;629.808752;556.9590164;646.2899506;541.5794393;550.734288;582.3011858;588.1396878;620.4142615;645.2003396;569.1519525;541.9249042;470.4615385;562.9894652;559.5016978;568.1583673;543.2650807;702.5298329;560.5577889;626.826087;559.1129032;510.9884963;537.957429;548.3907015;560.8190314;576.5892575;499.1602728;611.3058824;555.7411668;517.3111859;579.1939252;547.87031;557.7577938;601.9749583;606.1281841;606.3939641;561.516023;531.5614035;561.2326531;505.9453061;593.0679694;597.5522023;489.0545302;575.9991863;525.9713322;555.6154499;595.2735178;560.4683841;542.7334397;565.4545455;521.9943594;549.9375488;550.0429498;512.2279966;590.3624108;501.5648298;600.0295291;543.6164268;634.1631973;600.8572621;679.7191726
10/08/2018;555.4515347;568.7951707;519.4633943;660.3933282;600.3792;566.36953;469.2391837;625.496465;644.7289951;614.1853659;583.375208;563.5118846;493.4515599;489.4835924;533.4735178;509.9690049;571.0448613;564.5898251;528.8405342;431.7895595;646.9288107;655.9211864;575.4399678;590.997551;532.7529215;561.9903148;601.8908781;565.8647574;699.1278772;720.2280419;569.0815987;521.8947368;489.9355628;515.9043948;488.5767701;635.7004082;562.1026677;545.0392773;543.6994992;584.8380797;737.1433172;526.3235294;445.688747;533.9778143;548.0118846;578.9695974;512.4447174;599.195581;553.2655502;573.6962541;415.9524904;471.9211909;444.8234387;646.5965812;511.6526151;423.3957826;488.5928918;475.5822994;459.9541735;483.7615948;606.198419;656.4399678;502.1264822;516.1996713;488.8850289;774.998419;502.8556367;784.0344828;465.1083004;577.2138776;728.7764128;512.0283912;749.0201005;796.1916803;781.4626991;584.7128874;610.963751;674.709348;681.5461224;671.057774;773.4703947;726.0681992;474.0435511;765.3;758.4304897;654.8798727;690.2380952;600.0708723;753.5023077;712.8408163;645.8072874;679.522673;764.9507101;804.7861224;772.6669506;814.3106948;817.4987013;662.011045;593.6032653;720.505589;661.5440415;555.6565252;633.7055418;649.6826394;587.8592352;654.2138776;777.8221344;715.3011647;804.8268251;519.8681747;450.9746939;570.1489191;609.1684126;421.1265207;529.9118367;615.8983193;504.1974724;514.4640259;525.4184692;494.0178433;533.2076372;635.9657143;568.6206089;521.6885246;518.8182587;589.0996759;499.495082;597.9406919;496.0552251;497.769292;523.1747036;553.3097781;568.2852292;601.5390492;522.1468591;487.1049808;417.8226721;516.9943274;523.2207131;515.7379592;481.7587086;656.6300716;510.6524288;592.6669565;526.9499151;474.6787182;492.3747913;509.1973899;530.8547154;547.9091627;459.1875533;573.8789916;512.7091208;479.2497897;545.2383178;488.2194127;508.7577938;549.7195326;562.1947412;575.4641109;511.7904684;488.6499582;525.7453061;459.7893878;571.4791844;550.408646;443.0100671;545.8860862;488.9612142;532.6383701;561.4102767;523.665886;487.3256185;526.9130435;465.5890411;500.8657299;498.9505673;461.79715;547.1784298;455.2350081;566.0830008;493.3725656;585.438801;554.8631052;640.0119332
20/08/2018;601.8505654;611.4512906;573.0590682;693.9061288;638.0112;624.3792545;536.3126531;665.7069914;668.7520593;650.604878;612.9800333;626.9303905;564.316913;548.8212435;588.7288538;579.2977162;626.8254486;616.9626391;577.4131972;511.7903752;691.3911223;678.690678;610.3182917;628.2530612;589.9724541;606.5439871;641.6001705;592.4256165;725.8550725;748.4399678;620.1548709;579.4320883;553.5057096;568.8211257;543.2084328;679.2457143;614.1794665;608.205813;593.2245409;636.4670464;757.9025765;582.4833068;505.6472466;600.0246508;599.4677419;626.3919474;561.9287469;649.7119476;611.4505582;630.9063518;491.0704981;542.7793345;506.3145721;688.8273504;561.8992974;491.756691;551.8247173;528.5425972;528.3707038;552.1383238;645.0608696;698.1321515;571.7090909;572.5760066;543.0248139;787.2339921;565.9797242;803.5114943;522.3786561;632.9053061;758.8804259;581.7783912;776.4664992;821.8523654;794.5146689;632.814845;664.3159968;718.6991359;717.3461224;696.4723874;781.1817434;749.2659004;549.8944724;789.4811475;772.0315956;679.8035004;710.793911;648.9376947;773.3930769;736.5893878;694.497166;710.7597454;787.4026734;821.8946939;793.334753;824.7845433;850.4580087;698.1452846;657.2808163;751.9346518;690.1632124;612.9991994;687.7593052;700.2081697;648.9837266;702.6391837;840.5794466;778.1738769;855.3896435;581.5397816;526.8857143;628.22498;671.2409347;511.2789943;579.8155102;666.6462185;568.056872;582.8536783;576.2312812;570.9038014;591.0795545;674.8595918;631.1998439;588.754879;591.032967;652.987034;582.1;661.6103789;571.8411215;570.6507558;596.8956522;613.8003287;625.7988115;643.2317487;600.3497453;564.8467433;496.5854251;600.9505673;591.4940577;576.7379592;560.8164826;700.3325378;576.7169179;660.3486957;578.0865874;546.599014;559.2595993;569.4396411;592.2982158;595.7551343;520.5942029;616.2394958;571.6039441;539.0689655;607.8014019;563.87031;572.4284572;611.7579299;610.5653246;620.1247961;577.5094495;551.459482;588.9322449;522.5918367;623.7680544;611.41354;517.3649329;601.5874695;549.2478921;586.4210526;616.2063241;574.9297424;549.2537909;580.5003953;536.8646253;561.362217;568.7706645;532.7544007;616.3822363;533.3962723;604.1500399;562.5376799;642.988343;599.5141903;684.5481305
30/08/2018;603.7859451;595.6502914;554.5898502;679.2304112;632.2408;614.684765;509.5085714;652.6142969;654.5123558;635.2268293;595.4009983;614.991511;555.8563218;534.753886;572.7699605;563.7887439;610.2088091;594.0898251;577.3487824;509.2879282;681.5259631;660.020339;606.6494762;618.2563265;589.2629382;582.8385795;633.4109122;573.2354813;718.4629156;729.9363417;595.928393;569.5704584;546.5725938;556.0948342;536.0572792;649.9371429;602.0299111;593.9772192;568.9707846;616.9454841;738.8760064;582.3736089;512.1372706;586.6820049;599.4796265;627.9548069;559.5757576;624.6260229;603.5773525;622.5399023;485.2329502;544.8835377;499.5335389;673.4188034;563.8977361;491.0656934;551.3877221;516.9950372;505.0924714;550.9202604;633.0450593;683.385979;562.4173913;554.8414133;534.0926385;771.2079051;558.7339822;779.3226601;514.8371542;621.9959184;749.9033579;562.2736593;761.0988275;787.4200653;777.3730092;613.454323;648.251379;683.1814611;690.6106122;669.7570093;745.3741776;719.2390805;535.7336683;751.9188525;737.8933649;663.8090692;687.3356753;627.5124611;743.2907692;712.2971429;669.5230769;689.9729515;759.0609858;791.0367347;761.6925043;797.2404372;806.3350649;689.8691589;643.9330612;717.3568358;668.1157168;591.5108086;659.2952854;671.3959152;628.5581774;679.8767347;800.7628458;750.5349418;834.417657;580.1817473;512.5804082;609.7445957;667.7445608;498.2497972;569.3183673;644.0378151;554.2195893;573.5666936;576.0532446;564.0279286;587.0548926;662.8130612;613.8087432;577.8181109;576.6179205;629.5178282;566.6540984;629.5897858;558.5573492;571.4956245;583.0086957;591.9843878;611.7903226;639.1120543;584.1672326;545.662069;491.9821862;579.4213938;588.7682513;565.644898;537.2353441;675.5536993;559.9380235;654.3956522;561.311545;536.4527527;554.1510851;557.8009788;580.5811385;580.6105845;501.7280477;601.1588235;562.5743632;534.2842725;601.6308411;541.8719413;550.7993605;599.3797997;598.5184881;608.6313214;563.8964667;545.9548872;579.5828571;513.2783673;603.184367;600.2185971;506.1090604;584.4336859;534.2790894;578.1876061;600.1667984;568.3864169;548.7302474;580.5778656;525.719581;554.9992194;557.4611021;522.1492037;600.2045995;526.6191248;585.5371109;553.9127858;632.5262281;576.869783;665.8599841
19/09/2018;812.0945073;811.3039134;796.2462562;847.1939488;832.2968;806.4416532;739.2726531;811.8994501;814.7710049;852.1861789;815.3369384;843.4151104;794.4318555;744.9205527;804.9778656;783.7618271;821.2699837;820.1589825;777.6755695;749.4649266;850.2948074;824.3915254;775.9202256;767.9036735;764.9298831;771.7659403;816.6402387;771.3150358;839.71526;864.0620467;745.4587843;740.0458404;714.1207178;734.3508096;706.8894193;802.7861224;760.2215036;733.7737628;730.8806344;806.7957689;847.442029;758.3441971;701.6376696;702.9630238;753.975382;768.8134758;721.027846;783.089198;755.5239234;737.3631922;658.7517241;726.0061296;696.384734;807.4555556;740.5870414;701.9310624;722.0452342;716.1637717;697.405892;727.441009;799.2189723;858.8605963;735.9051383;698.5645029;717.2473118;872.3106719;726.9594485;902.547619;695.0664032;778.2946939;852.8648649;712.8470032;866.9932998;887.1451876;869.5557418;768.4004894;778.9101655;872.6496465;888.9330612;868.1988105;945.2886513;896.4007663;796.7386935;919.2631148;938.7424961;872.1447892;894.9422326;852.2375389;932.2784615;925.7265306;885.1838057;886.3341289;924.9214703;969.0530612;947.149063;968.2412178;1023.98961;968.3627867;867.2408163;968.7007739;936.2979275;847.4427542;919.038048;924.325216;883.8868999;947.5665306;1033.577866;984.3943428;1044.429542;824.1778471;722.2489796;771.2129704;814.8734891;687.0794809;736.3306122;797.3680672;742.8530806;800.5481002;727.1106489;736.7750194;789.1774065;830.2946939;813.3099141;793.8493365;744.4716822;790.7990276;814.8983607;818.5897858;729.3118097;741.75179;746.9620553;762.9654889;754.1697793;810.179966;764.5127334;777.410728;679.5935223;821.0964344;806.885399;751.3142857;784.3203059;835.8202068;730.8400335;826.3582609;695.598472;763.2029581;694.7429048;766.7373573;782.8504673;773.1437599;685.8397272;811.0680672;722.4272802;726.3574432;793.1596573;685.5595432;710.470024;745.3096828;770.4708299;793.004894;767.6425637;746.0526316;738.4277551;690.04;802.5590484;795.5823817;663.9991611;774.5858421;691.6602024;752.3811545;777.43083;718.2217018;756.0542698;726.1928854;687.2771958;714.6916472;781.3581848;683.1349539;805.0277557;745.6855754;714.452514;707.8171041;772.2281432;700.1444073;754.0007955
24/09/2018;742.3852989;741.3197336;678.4084859;808.6190846;749.7624;741.8047002;655.1297959;785.5475255;771.9324547;768.0642276;736.4575707;759.8480475;704.0295567;676.9611399;707.226087;689.865416;727.9991843;705.2893482;693.5365279;639.4861338;795.1758794;771.6915254;717.2191781;722.7453061;723.8706177;703.157385;764.0247229;707.2243437;791.7757886;820.8066076;668.134055;669.9465195;654.8384992;694.4533539;657.7812251;770.2342857;694.2158448;688.7462687;680.71202;723.0146461;810.894525;698.0572337;631.3822825;702.5225965;717.5882852;736.8299096;668.5102375;734.8633388;693.6961722;710.8094463;608.7118774;644.8056042;631.4009252;756.3188034;665.9234973;625.2287105;666.723748;661.5839537;639.2692308;693.2538649;753.2924901;794.5479452;675.03083;690.9753492;669.7617866;851.3233202;657.7712895;848.3234811;634.5407115;711.2359184;818.7256347;700.623817;811.3886097;853.8107667;842.1676446;742.7928222;746.7683215;762.3244305;770.2367347;771.1418862;838.3585526;785.8137931;635.7001675;838.5139344;806.293049;735.0739857;756.3770492;743.2227414;821.6861538;810.9232653;729.0364372;767.8735084;831.8980785;838.64;826.6771721;852.4324746;867.9844156;776.3916737;731.7967347;793.8426483;764.8411054;706.1505204;760.0967742;766.3982718;749.8413344;776.1412245;850.7936759;810.2379368;841.1672326;693.0421217;640.5640816;717.6653323;752.2256245;610.8783455;671.6261224;745.2638655;662.5410742;682.7768795;675.9608985;675.9425912;692.3054893;783.4269388;722.8454333;678.3911007;688.8884193;719.6029173;682.804918;733.3031301;674.473237;692.211615;703.256917;717.2580115;723.4541596;725.7682513;702.7886248;669.0605364;632.7012146;704.9951378;686.6485569;677.0587755;665.0926083;761.7398568;682.5854271;760.7747826;649.672326;658.6088743;679.8564274;693.4706362;690.2404418;697.507109;614.8917306;708.8521008;668.9498767;647.7518923;698.1931464;664.1517129;675.2757794;690.066778;692.7074774;708.9420881;682.6425637;647.6808688;688.284898;642.8522449;699.6219201;691.0530179;637.6434564;704.458096;660.8254637;695.540747;701.7747036;687.6229508;658.1053472;684.3992095;641.4947623;653.3473849;680.541329;660.5984912;686.8826328;656.6191248;661.7717478;654.8856901;744.623647;696.533389;772.2227526
