Nome;1000;1001;1002;1003;1004;1005;1006;1007;1008;1009;1010;1011;1012;1013;1014;1015;1016;1017;1018;1019;1020;1021;1022;1023;1024;1025;1026;1027;1028;1029;1030;1031;1032;1033;1034;1035;1036;1037;1038;1039;1040;1041;1042;1043;1044;1045;1046;1047;1048;1049;1050;1051;1052;1053;1054;1055;1056;1057;1058;1059;1060;1061;1062;1063;1064;1065;1066;1067;1068;1069;1070;1071;1072;1073;1074;1075;1076;1077;1078;1079;1080;1081;1082;1083;1084;1085;1086;1087;1088;1089;1090;1091;1092;1093;1094;1095;1096;1097;1098;1099;1100;1101;1102;1103;1104;1105;1106;1107;1108;1109;1110;1111;1112;1113;1114;1115;1116;1117;1118;1119;1120;1121;1122;1123;1124;1125;1126;1127;1128;1129;1130;1131;1132;1133;1134;1135;1136;1137;1138;1139;1140;1141;1142;1143;1144;1145;1146;1147;1148;1149;1150;1151;1152;2000;2001;2002;2003;2004;2005;2006;2007;2008;2009;2010;2011;2012;2013;2014;2015;2016;2017;2018;2019;2020;2021;2022;2023;2024;2025;2026;2027;2028;2029;2030;2031;2032;2033;2034;2035;2036;2037;2038;2039;2040;2041;2042;2043;2044;2045;2046;2047;2048;2049;2050;2051;2052;2053;2054;2055;2056;2057;2058;2059;2060;2061;2062;2063;2064;2065;2066;2067;2068;2069;2070;2071;2072;2073;2074;2075;2076;2077;2078;2079;2080;2081;2082;2083;2084;2085;2086;2087;2088;2089;2090;2091;2092;2093;2094;2095;2096;2097;2098;2099;2100;2101;2102;2103;2104;2105;2106;2107;2108;2109;2110;2111;2112;2113;2114;2115;2116;2117;2118;2119;2120;2121;2122;2123;2124;2125;2126;2127;2128;2129;2130;2131;2132;2133;2134;2135;2136;2137;2138;2139;2140;2141;2142;2143;2144;2145;2146;2147;2148;2149;2150;2151;2152;2153;2154;2155;2156;2157;2158;2159;2160;2161;2162;2163;2164;2165;2166;2167;2168;2169;2170;2171;2172;2173;2174;2175;2176;2177;2178;2179;2180;2181;2182;2183;2184
B2;0.004434307;0.004611986;0.00207944;0.008350841;0.007877598;0.006425349;0.006800795;0.007576851;0.011359426;0.006135351;0.007431096;0.010305818;0.009099955;0.009768183;0.008479306;0.008146849;0.005680056;0.009209247;0.006495801;0.007604703;0.008226486;0.005625429;0.005128333;0.003932227;0.005827246;0.005468503;0.010231291;0.005389743;0.006555497;0.009921107;0.009722803;0.000985577;0.003395064;0.003663677;0.005882086;0.005707421;0.006720429;0.006106535;0.007267913;0.004631788;0.007809575;0.010691849;0.010159162;0.009160524;0.005037807;0.01016198;0.002682005;0.007439068;0.004006403;0.008490872;0.010033812;0.005664793;0.004334594;0.008685511;0.006687643;0.007370822;0.012247817;0.007365131;0.005897484;0.00834542;0.005947161;0.009891561;0.007433071;0.008361419;0.007666681;0.006641882;0.00830176;0.003273902;0.006949403;0.005360355;0.007481867;0.007902858;0.007967062;0.005398333;0.006366007;0.010909257;0.005806573;0.008278221;0.007019059;0.010257858;0.011551186;0.008098763;0.0070909;0.00485707;0.010163195;0.008720001;0.013563902;0.011157071;0.008353738;0.009584057;0.011323869;0.009790448;0.007488643;0.009523709;0.008439996;0.006897574;0.0061116;0.009484464;0.008999224;0.00555011;0.006241597;0.007089949;0.008849276;0.007710449;0.01080494;0.009548641;0.010118425;0.009329263;0.01029995;0.009383477;0.007780788;0.012227318;0.010132891;0.010073727;0.009005355;0.007414349;0.010014005;0.008526374;0.00750944;0.009915492;0.007896956;0.009046551;0.008765864;0.007354515;0.009735779;0.00615623;0.008237227;0.006543818;0.010306307;0.007477335;0.00723833;0.007549829;0.009865463;0.008669876;0.008053429;0.007379801;0.00772303;0.007339292;0.0092233;0.004882588;0.006138403;0.007592152;0.007150691;0.008704754;0.007937976;0.009385732;0.009353809;0.006730429;0.007298211;0.00679867;0.009113468;0.00822721;0.006712999;0.005805615;0.008987641;0.006651338;0.007676179;0.008748215;0.006519477;0.003027255;0.006770665;0.007395033;0.009363081;0.009556689;0.009632433;0.003982646;0.004412491;0.011096515;0.004027564;0.011209127;0.013570689;0.004597294;0.003574746;0.009048821;0.009099526;0.008117355;0.008247272;0.007963684;0.006610042;0.008175571;0.007874754;0.010367358;0.009141906;0.009063809;0.00450552;0.004998694;0.004696775;0.002373845;0.00446865;0.00580346;0.005383203;0.006274552;0.005779427;0.009878527;0.00600197;0.001341812;0.001532034;0.004547177;0.007345826;0.005441346;0.006933927;0.007945747;0.006182547;0.000743529;0.006055472;0.004716857;0.008863268;0.006831833;0.001398239;0.003586329;0.003402396;0.002836028;0.005427167;0.006580131;0.008614121;0.002520123;0.001102177;0.002067807;0.00888839;0.0056265;0.011734564;0.00212217;0.00638564;0.008771934;0.001751622;0.009550961;0.011663956;0.009424669;0.005705454;0.006147653;0.008181383;0.008610646;0.008670746;0.011209883;0.011379718;0.00490287;0.009880451;0.012069487;0.009188001;0.009531162;0.008398718;0.012652743;0.010125488;0.008587412;0.009733647;0.01041196;0.010998306;0.010680585;0.012677195;0.014276462;0.009218596;0.004829018;0.008981894;0.008573796;0.00576184;0.005810769;0.008343125;0.006425193;0.008176162;0.011941401;0.01178377;0.012185257;0.005027071;0.002829488;0.00563079;0.008474578;0.002358935;0.00476577;0.007370459;0.00707891;0.00484393;0.004310525;0.004837363;0.005468126;0.008621608;0.00713944;0.006087479;0.004242233;0.007250021;0.006047069;0.006748687;0.005188184;0.001319672;0.006138667;0.00564584;0.006240229;0.007978747;0.005329649;0.003246941;0.001389464;0.004187008;0.005712211;0.004030583;0.003382557;0.007431041;0.004634704;0.011354711;0.007390866;0.003990044;0.003741621;0.002843076;0.005240068;0.007351652;0.003066602;0.007047059;0.005801994;0.004095342;0.006609907;0.004032907;0.005011612;0.006014278;0.007643916;0.00673159;0.00673331;0.005078926;0.007179771;0.004619503;0.007708554;0.007074321;0.000865424;0.005528021;0.004154067;0.0069822;0.008097135;0.00560661;0.004048185;0.005498475;0.003060641;0.006503615;0.006728592;0.004949159;0.007223571;0.003687539;0.0074807;0.00688507;0.009305229;0.008127509;0.007634686
B3;0.025425367;0.024781967;0.019181748;0.031383007;0.030553629;0.027762179;0.028935924;0.025791016;0.034490044;0.026821596;0.027564953;0.033562762;0.031301501;0.032691974;0.030715074;0.030067582;0.024494141;0.03284525;0.026960886;0.027949241;0.030368437;0.02578182;0.023939851;0.022314978;0.028135627;0.02633685;0.031078055;0.023547163;0.026354879;0.033468627;0.03154816;0.017556076;0.022823905;0.02331708;0.0230266;0.026478118;0.027328089;0.025901631;0.027070718;0.025645907;0.028640422;0.03248679;0.032543962;0.02983206;0.022892879;0.030791606;0.023167983;0.027457085;0.021626159;0.029909395;0.033895838;0.026420822;0.022749196;0.031127843;0.027936779;0.027394995;0.034109135;0.028863039;0.026576006;0.028649665;0.025761149;0.030596215;0.028517213;0.031885437;0.027700918;0.02771767;0.029956577;0.022852871;0.028984021;0.027419079;0.033153916;0.031212472;0.031428819;0.027650366;0.02880427;0.033930156;0.027346465;0.032467468;0.030976102;0.032955929;0.033747651;0.027000662;0.025411763;0.024720178;0.029466412;0.02744524;0.035729498;0.031420832;0.028934713;0.03068285;0.03105171;0.030766674;0.026588792;0.03000468;0.03053374;0.026145594;0.027806448;0.028904004;0.031725788;0.025196503;0.027138234;0.027519566;0.030431875;0.026855962;0.031338579;0.030453496;0.03348752;0.030841805;0.035593703;0.031381681;0.029382225;0.034339223;0.0303203;0.033094757;0.029581242;0.030589345;0.032994195;0.029447441;0.028837016;0.032441144;0.032240628;0.032023089;0.032020569;0.029213363;0.032986011;0.026771557;0.030260158;0.028323996;0.031884289;0.029700348;0.029454193;0.028855318;0.032216567;0.029700841;0.029309716;0.032825418;0.027923663;0.029210714;0.031677775;0.027617862;0.029277273;0.030967471;0.028130428;0.029637599;0.031454631;0.030809411;0.031337909;0.026499193;0.028130027;0.029659936;0.0329751;0.029818655;0.030000791;0.025158592;0.027621944;0.028770262;0.027693554;0.028438327;0.024871458;0.021071032;0.027022924;0.027801306;0.030155729;0.027175405;0.029644018;0.022477143;0.025302068;0.031600219;0.024218478;0.029220827;0.037044305;0.02373277;0.022496098;0.03013662;0.027622359;0.025005668;0.025873034;0.02543581;0.026145841;0.029074474;0.026092084;0.032172405;0.029879065;0.030146425;0.025999868;0.024208131;0.023344694;0.020087593;0.02154901;0.027447827;0.027529175;0.024239671;0.029503942;0.031370395;0.025225269;0.022262037;0.016082376;0.022887291;0.026713213;0.024128135;0.029389847;0.026534208;0.026451864;0.016186999;0.025726015;0.021374743;0.032743344;0.026659114;0.019854;0.023944233;0.020560734;0.024328027;0.026297564;0.028914047;0.033958239;0.02398527;0.016047481;0.017018369;0.028543816;0.025142109;0.035435949;0.022772411;0.029235321;0.031681472;0.016805663;0.034348913;0.038181523;0.034708805;0.028331753;0.027523085;0.028537215;0.029793209;0.028999614;0.034823496;0.033981194;0.02811189;0.028710793;0.033691344;0.032025809;0.031163344;0.029650983;0.033862789;0.032406613;0.031125385;0.028900111;0.029872227;0.032904187;0.029048578;0.034445999;0.039100402;0.030398175;0.026667691;0.031285776;0.029976257;0.024980484;0.027082639;0.030403616;0.028062815;0.029207345;0.036070569;0.036313158;0.034844562;0.025540167;0.022552481;0.024188856;0.029750983;0.021228064;0.024042603;0.029698443;0.025988637;0.026515244;0.022406119;0.025207995;0.026154328;0.028156072;0.029957408;0.026591092;0.023553288;0.028739673;0.029334412;0.026903192;0.023856536;0.018603694;0.024249771;0.024619427;0.025615672;0.028806621;0.024751104;0.023079365;0.015939824;0.023555606;0.027344226;0.024552494;0.022215477;0.027405748;0.02365973;0.031363164;0.026370839;0.025688268;0.024676346;0.022119491;0.026242553;0.027629978;0.020610227;0.028354055;0.02718781;0.023365857;0.028918289;0.022157508;0.023604945;0.026194053;0.030224678;0.028691188;0.026693454;0.024610114;0.027363339;0.022701183;0.029830597;0.02734959;0.018650958;0.024065479;0.022979327;0.027734157;0.029647259;0.025384068;0.023209127;0.02666433;0.022900401;0.028589513;0.027193586;0.023230021;0.029488469;0.023790221;0.028163831;0.026267176;0.029313519;0.027492878;0.027813399
B4;0.016584809;0.017997394;0.012648954;0.022979482;0.019911475;0.018763964;0.019547107;0.018727579;0.023291201;0.017403405;0.019156995;0.021570437;0.022080449;0.021968089;0.022273749;0.018912781;0.016683646;0.021805763;0.017657171;0.018190696;0.020144092;0.018099774;0.017471699;0.015242142;0.019433811;0.017252775;0.020578166;0.017217075;0.018024752;0.023571261;0.022166992;0.011851533;0.016290936;0.015158228;0.016102322;0.018808557;0.019527676;0.018772904;0.020632557;0.018650097;0.019589678;0.022810201;0.021834623;0.021131032;0.015422822;0.021416797;0.014499657;0.018924573;0.013737049;0.019769948;0.022765825;0.018612217;0.01626455;0.022453259;0.019858871;0.021054263;0.026969372;0.021500159;0.020929802;0.022642641;0.019732836;0.025896111;0.021392354;0.024660638;0.022934489;0.020650999;0.022472781;0.017236022;0.018547293;0.020725267;0.023002787;0.022886567;0.02304908;0.018232491;0.018391623;0.025953609;0.018324293;0.019712662;0.021520318;0.024419833;0.028937636;0.018804915;0.01721818;0.017064671;0.022809482;0.020852014;0.028965972;0.025997097;0.021093208;0.022414125;0.023967115;0.022910434;0.017732095;0.020994816;0.022579443;0.017893037;0.017223671;0.021423239;0.02103731;0.017236947;0.017408422;0.018396581;0.020385595;0.019845672;0.023341116;0.019868524;0.021740618;0.020515334;0.022726972;0.020951556;0.02015029;0.023929457;0.023392301;0.022453161;0.021553434;0.020531412;0.022706191;0.020875581;0.020515021;0.022102567;0.020598831;0.022176475;0.02285294;0.020253434;0.021804139;0.018365506;0.021766;0.019728061;0.022448925;0.020285903;0.021365893;0.019792712;0.023136577;0.021499863;0.020163335;0.019759392;0.019156126;0.021093688;0.023028274;0.018879447;0.018389008;0.021663099;0.018871853;0.020591082;0.021178911;0.021271817;0.021693572;0.018896225;0.02057994;0.020551882;0.021145316;0.021160324;0.019129572;0.017230349;0.02151042;0.019710862;0.018575151;0.020184327;0.017984898;0.015131673;0.017829135;0.018731438;0.021757266;0.021643683;0.021974848;0.015230812;0.017307311;0.026326155;0.01640772;0.023726002;0.02917816;0.017348663;0.015711932;0.020176216;0.020489312;0.019170915;0.019455084;0.019571526;0.01720955;0.019254577;0.018943927;0.020917598;0.019486484;0.021308444;0.016601122;0.017242658;0.016168868;0.014099659;0.014768277;0.017738842;0.019459809;0.017089906;0.018740003;0.01997869;0.017582369;0.014109027;0.01102582;0.015349652;0.018019878;0.016922104;0.019446165;0.018312219;0.017549085;0.012212947;0.017600507;0.016367596;0.021413578;0.018317625;0.013441495;0.016604677;0.014614746;0.016331302;0.0195243;0.018567882;0.021477628;0.016240446;0.010703783;0.012351798;0.019026799;0.016818318;0.022227896;0.015153306;0.019071262;0.022133747;0.012257232;0.02312298;0.023807819;0.019809446;0.016928313;0.018091995;0.01967988;0.020364191;0.019382402;0.024349271;0.023243991;0.019424016;0.02089849;0.024005695;0.02260349;0.021548101;0.021161622;0.024268986;0.021733593;0.020999219;0.019850659;0.021852822;0.022771657;0.021804794;0.024904225;0.031033481;0.020964068;0.018718931;0.019449919;0.020297252;0.018370542;0.016533414;0.018832306;0.017286376;0.022193646;0.024982239;0.02500792;0.025649273;0.017068744;0.014776743;0.016406241;0.01805569;0.015218341;0.016575224;0.018444645;0.017318049;0.017703166;0.016747079;0.016802855;0.018309529;0.020128543;0.020183273;0.01787002;0.01752915;0.019900326;0.01851158;0.018279617;0.016790041;0.013399224;0.016477214;0.016128768;0.017057287;0.022166663;0.016562117;0.015557711;0.011458397;0.016544743;0.01852132;0.017057157;0.015613326;0.016584472;0.016279033;0.025544856;0.019447298;0.017847228;0.016731777;0.015645937;0.017419528;0.019340531;0.015286668;0.019672344;0.016699116;0.016621092;0.0189128;0.016271576;0.016603597;0.01771395;0.019797032;0.019146208;0.018993187;0.018000549;0.017909387;0.01502096;0.020085912;0.019336013;0.013902929;0.017349549;0.01616269;0.019227955;0.020003249;0.018244879;0.016980539;0.018053105;0.01575575;0.020726872;0.020237727;0.01719827;0.02343985;0.016430019;0.021031119;0.018758791;0.022577928;0.019862201;0.017947643
B5;0.064261122;0.05957347;0.051115402;0.069507848;0.0726066;0.066295548;0.070786184;0.061578583;0.076732004;0.064301137;0.066722584;0.075267401;0.071859801;0.072584234;0.070177568;0.068125911;0.058289995;0.073904496;0.065797323;0.066475334;0.071664178;0.065346563;0.059833815;0.058235975;0.065318787;0.061474877;0.071237311;0.062661768;0.062239884;0.075912809;0.071534584;0.047784617;0.05743644;0.059714259;0.057745107;0.066738793;0.064309179;0.062652806;0.066830449;0.064477678;0.06731135;0.073973195;0.07056933;0.068671429;0.057565634;0.070197707;0.056120967;0.063784133;0.053953599;0.068178328;0.076101324;0.067684687;0.055158416;0.071403731;0.06730779;0.066221444;0.075031918;0.070355608;0.063508185;0.070339224;0.063496179;0.07235516;0.067713133;0.075825605;0.066609897;0.062572713;0.071453331;0.059228877;0.071586479;0.067666212;0.082896562;0.073891709;0.074715424;0.067708644;0.071015321;0.076983616;0.069407471;0.074093007;0.070785526;0.073693441;0.078294891;0.062955349;0.061320959;0.061017394;0.064810708;0.062342796;0.075304963;0.067999133;0.068853;0.070374954;0.068112406;0.069702104;0.063524577;0.065340841;0.070338432;0.0651745;0.064443655;0.064368658;0.076091837;0.05891281;0.065900639;0.066974821;0.069750012;0.059444676;0.070148784;0.073332279;0.075499927;0.070332193;0.079939773;0.072121809;0.07077851;0.074340738;0.069268469;0.077878603;0.068855846;0.074309852;0.075509747;0.069631684;0.068484398;0.074927854;0.073706873;0.074670369;0.075097019;0.071265699;0.073922636;0.070158094;0.073169108;0.069756027;0.071448356;0.071676197;0.071428629;0.07230727;0.073051825;0.068661609;0.06826483;0.07429176;0.067039378;0.071723346;0.073791774;0.06508317;0.071362792;0.076005436;0.065708547;0.068363247;0.077564349;0.071363024;0.070957959;0.062211188;0.068036281;0.072564615;0.073834996;0.071051253;0.0716667;0.062028424;0.062181344;0.072054723;0.064925435;0.06462192;0.056532291;0.054211614;0.0628579;0.063038728;0.066854231;0.056946854;0.065681732;0.056883079;0.064065474;0.07314845;0.061063195;0.063994737;0.089102289;0.057557341;0.059418507;0.06495424;0.062099889;0.058201845;0.058356221;0.060220205;0.058010508;0.067289609;0.059028896;0.0699498;0.065909045;0.065826038;0.069077384;0.056085735;0.057092422;0.052301709;0.054390572;0.062384148;0.062927061;0.055283583;0.071252692;0.067820244;0.059553874;0.058038002;0.042171385;0.056249068;0.06300335;0.057236952;0.071040072;0.061604265;0.065163855;0.049049052;0.062058213;0.052563729;0.072089488;0.063120118;0.054371879;0.060440593;0.053889425;0.059129444;0.063140716;0.069312975;0.077820012;0.065087066;0.041463979;0.045887107;0.062808557;0.06153187;0.075274257;0.063405408;0.069652738;0.073787427;0.046592935;0.074521398;0.079761405;0.072483585;0.066540113;0.063004086;0.066092791;0.067373363;0.065454618;0.083222523;0.071465293;0.06565164;0.066362802;0.074400424;0.071869169;0.067125339;0.067178909;0.071794925;0.071752308;0.065584801;0.065001724;0.065089151;0.072080049;0.064642329;0.072225515;0.086220201;0.067739496;0.066301893;0.069394397;0.068600067;0.061102366;0.063198814;0.073109436;0.066168272;0.068100192;0.078982123;0.077239063;0.078788251;0.065182779;0.058781937;0.057685954;0.066307746;0.057608485;0.058345875;0.065734628;0.063989704;0.063395355;0.057718048;0.062591019;0.062254903;0.065913418;0.071142612;0.065714828;0.0593614;0.067529561;0.068879558;0.06391559;0.056282943;0.051589324;0.05870045;0.061480144;0.060398495;0.066547668;0.059197199;0.060390297;0.045393263;0.062805409;0.067680556;0.061838431;0.056373177;0.061803978;0.061628642;0.071667451;0.066511666;0.06354409;0.060608924;0.057211633;0.062323519;0.063303408;0.054304482;0.068113493;0.061243272;0.058281491;0.069309969;0.056738604;0.057667196;0.061456028;0.069023593;0.067503341;0.061890578;0.059545953;0.064638801;0.05483126;0.066615423;0.064789253;0.051747811;0.057295062;0.05754109;0.06276753;0.066656162;0.062717862;0.058302882;0.059925766;0.055965027;0.070787093;0.061897006;0.058441709;0.071845473;0.061070068;0.071778396;0.06111004;0.06786764;0.061845417;0.062538969
B6;0.231425881;0.189442944;0.203315914;0.247277644;0.258628304;0.233726883;0.243823666;0.213247413;0.25026404;0.249222737;0.2524795;0.244017243;0.264790587;0.246125016;0.227441765;0.253541511;0.212373617;0.274569536;0.23101927;0.228660141;0.234478885;0.229014832;0.207643461;0.204402873;0.207468537;0.236423917;0.256930456;0.209391057;0.236426804;0.25741988;0.236176446;0.18772658;0.200101507;0.235578227;0.215862277;0.209956609;0.211925849;0.205739295;0.215758416;0.187112816;0.248794725;0.236710542;0.242407981;0.219505313;0.207742155;0.22609321;0.218149431;0.226439342;0.222722128;0.240164277;0.288447484;0.240452702;0.209558792;0.231313676;0.231565771;0.213310304;0.204584487;0.22203142;0.198117808;0.196672392;0.224888884;0.191058982;0.214523053;0.210886213;0.191378856;0.196922369;0.223325518;0.19639495;0.275291085;0.216396913;0.292000443;0.255347369;0.251551846;0.236891165;0.236374855;0.258731432;0.248881331;0.282396096;0.237849776;0.227394793;0.239172655;0.205164537;0.203511138;0.227454796;0.191564047;0.182605547;0.215114964;0.187653576;0.234073605;0.218126401;0.213372406;0.21121827;0.213524488;0.22415185;0.214039618;0.207664736;0.205772796;0.187141085;0.240407494;0.187212892;0.221284946;0.215941414;0.219905759;0.1755316;0.210078824;0.233697779;0.243064192;0.242781562;0.263016552;0.23181867;0.226954103;0.25218229;0.20727477;0.241808957;0.200357577;0.236755047;0.227357912;0.225509682;0.222664679;0.236276535;0.231204148;0.241678342;0.230297362;0.219398403;0.244021878;0.255535085;0.213167097;0.219434266;0.234995818;0.234144177;0.222458065;0.240901534;0.231673068;0.218646526;0.232159573;0.23612773;0.242793556;0.220350761;0.235055199;0.218199864;0.210120481;0.238616612;0.223636975;0.231473356;0.251744792;0.222250327;0.224932802;0.19353048;0.210195377;0.233527413;0.267395476;0.231850006;0.254226518;0.192867607;0.187862808;0.215926699;0.224152337;0.203490555;0.186764359;0.170119706;0.221454963;0.215313736;0.197028238;0.15979234;0.200299099;0.179263532;0.216897709;0.192249969;0.190054725;0.174979053;0.249807507;0.179480729;0.171277127;0.215420619;0.200814772;0.176291287;0.183936393;0.171596244;0.198166791;0.213874864;0.190833849;0.223922157;0.207543604;0.2051135;0.215180174;0.174033219;0.218886057;0.190486503;0.197473317;0.200535223;0.187477176;0.194177389;0.216655305;0.229963303;0.207550928;0.193256836;0.158520269;0.199548466;0.221530029;0.187264502;0.210616547;0.224045008;0.206594154;0.173529491;0.211744631;0.179188859;0.22041171;0.209511414;0.185989159;0.194802262;0.190824413;0.192031505;0.179470345;0.204212494;0.233229409;0.212307209;0.152996282;0.168486768;0.221181232;0.193452265;0.228619099;0.202089372;0.206907967;0.216781333;0.165150803;0.235821806;0.252091493;0.256141501;0.248879309;0.227742036;0.224810743;0.219749389;0.224981514;0.257728994;0.217681286;0.231472827;0.211390641;0.222010531;0.221500483;0.220444348;0.21321182;0.217825215;0.221115917;0.218770787;0.198641706;0.206873909;0.222713432;0.204661816;0.217576007;0.228316329;0.251879704;0.236344557;0.249884065;0.242140487;0.233129874;0.237933293;0.290511101;0.262299623;0.220455608;0.24739226;0.239099279;0.238033447;0.223864503;0.226037053;0.214428368;0.247706801;0.198953964;0.211662412;0.256951163;0.236606952;0.198470464;0.205200727;0.22109395;0.19825553;0.219316084;0.232563403;0.232154053;0.194484758;0.220167026;0.216067336;0.217841208;0.193747371;0.181394171;0.223052287;0.234540099;0.202491055;0.209929233;0.213509049;0.211400977;0.166360103;0.227442041;0.238348609;0.207351089;0.180460635;0.233465356;0.203208048;0.200855902;0.214425344;0.199575473;0.212049667;0.193806643;0.196353188;0.200536426;0.193510666;0.213638239;0.244244617;0.202299483;0.218883965;0.196958303;0.185146935;0.203841086;0.230218758;0.221797387;0.215940677;0.192325803;0.225265441;0.190126988;0.206109864;0.207146168;0.173887711;0.203600168;0.205263922;0.213404723;0.225888002;0.213161558;0.189700495;0.201181424;0.191214095;0.22629445;0.20552633;0.204340053;0.204159694;0.205233406;0.220777739;0.199169869;0.216087177;0.208243219;0.249323655
B7;0.297349632;0.241692025;0.264677722;0.314377785;0.326682081;0.301678169;0.301600985;0.265439664;0.309560901;0.311955594;0.31562345;0.29720518;0.3369755;0.300871596;0.281876966;0.317994386;0.26793767;0.348945404;0.293245316;0.288461591;0.294620633;0.290031922;0.261708257;0.258308026;0.265381296;0.296554931;0.322510608;0.26291294;0.297451243;0.320214517;0.291573548;0.242149214;0.255695326;0.301060319;0.27733553;0.261105547;0.266739406;0.260527447;0.263887179;0.231134623;0.31296358;0.299695873;0.302609706;0.272288859;0.272872305;0.281389087;0.278194502;0.284065954;0.285653452;0.29958423;0.361230016;0.301490958;0.270901538;0.282431893;0.289318109;0.262033725;0.251702939;0.282390946;0.245819371;0.244080266;0.278909147;0.232118867;0.273100621;0.263872617;0.236071289;0.245301719;0.28125214;0.25149729;0.349640921;0.271476072;0.379596549;0.322889124;0.317202801;0.299447024;0.29834522;0.324919514;0.317886454;0.374482316;0.300848715;0.290877834;0.297212099;0.25965291;0.252216537;0.29575894;0.235354677;0.229366159;0.265994623;0.22967798;0.30058901;0.267669749;0.268725726;0.270551222;0.269754583;0.279986776;0.263409185;0.260127813;0.25504584;0.231782761;0.298926006;0.234777917;0.278538197;0.269077204;0.273659599;0.215181269;0.25988131;0.294708808;0.303325747;0.303585863;0.325736359;0.287374401;0.284002751;0.318842128;0.256434441;0.300465482;0.252517334;0.292497084;0.28074567;0.28189981;0.277437508;0.294211442;0.283694506;0.298155285;0.28170613;0.270675677;0.297639094;0.322822668;0.261194322;0.275877024;0.296930563;0.289481819;0.272893851;0.300944768;0.280369169;0.273419571;0.292106986;0.290173814;0.306539886;0.270261928;0.294716525;0.275170621;0.254224081;0.299041875;0.279478172;0.285427205;0.313030819;0.27762041;0.281100685;0.246864694;0.264992642;0.287554526;0.336696166;0.292523254;0.328744608;0.239268202;0.234752241;0.267064035;0.284517571;0.254166059;0.235094374;0.211562771;0.281878777;0.275039965;0.240476057;0.197078776;0.240376553;0.223438886;0.267165994;0.23760787;0.232662039;0.219320856;0.306378841;0.229997113;0.211746144;0.272925265;0.255070277;0.220744383;0.230941039;0.216745213;0.248402234;0.266270493;0.238829017;0.280620474;0.257770884;0.255588632;0.275899678;0.221777415;0.268672603;0.252353835;0.247787744;0.248320664;0.232687054;0.243226719;0.264819235;0.288540088;0.259389603;0.243345682;0.196196092;0.260434707;0.280404824;0.233949205;0.254698879;0.274650775;0.255637769;0.213222867;0.267796333;0.230873486;0.26283231;0.254697853;0.229818672;0.240961988;0.248076525;0.242989004;0.215034395;0.255851232;0.281448185;0.255878296;0.196860728;0.212234384;0.271840641;0.245894849;0.275398588;0.254186995;0.250535765;0.263436839;0.210817341;0.288691491;0.310767189;0.325850313;0.30453073;0.28513662;0.280751628;0.270980984;0.284305447;0.325774401;0.267925012;0.289904386;0.266884495;0.276638811;0.279176438;0.281399973;0.26860575;0.269445203;0.279565614;0.290354498;0.246662904;0.258631986;0.276098865;0.255084577;0.269950474;0.275515858;0.314610958;0.30612839;0.314573914;0.304554975;0.296562785;0.303833324;0.372717077;0.323105939;0.275316566;0.309625372;0.291666478;0.293044537;0.280785382;0.292512332;0.277230141;0.332184529;0.252189721;0.274993533;0.333635236;0.303965114;0.244363073;0.25593847;0.286961421;0.246737659;0.269047908;0.291669391;0.292347854;0.245338082;0.275807492;0.26664447;0.286111444;0.24535882;0.228017252;0.283662838;0.300784296;0.259150282;0.255679717;0.259893537;0.27730507;0.215824258;0.285613813;0.304526472;0.258662398;0.228430218;0.287193507;0.266210515;0.244688159;0.267139256;0.244498592;0.264428049;0.246648831;0.245861235;0.249652166;0.250517744;0.26327705;0.320539272;0.257660642;0.269860215;0.252602179;0.231779046;0.255548138;0.286953062;0.274241542;0.276087329;0.239028203;0.292157511;0.240743524;0.253925997;0.258170962;0.218163554;0.255425587;0.259667534;0.266386416;0.27796309;0.269019629;0.239022393;0.250844559;0.240673222;0.276346087;0.252045233;0.258365345;0.24701681;0.252021525;0.276555061;0.254697728;0.273061323;0.264889864;0.315224431
B8A;0.326040709;0.265657954;0.291319944;0.344839461;0.363460883;0.331772447;0.331631795;0.295604025;0.342822289;0.341266662;0.344803661;0.332917653;0.363722928;0.337197155;0.316635614;0.354548281;0.2982733;0.380165681;0.322027728;0.321895788;0.328217441;0.322422975;0.288690692;0.284992683;0.291191856;0.327952996;0.360916458;0.287923478;0.33009731;0.355095111;0.326273543;0.266462813;0.282076274;0.330967575;0.304526955;0.293307066;0.296778299;0.287045568;0.296284929;0.259445686;0.350424394;0.330582851;0.341545784;0.305370134;0.298680663;0.313274316;0.306712136;0.317759305;0.313914408;0.334911471;0.397459798;0.335456113;0.301536374;0.314921021;0.323127067;0.293760449;0.281952336;0.307770598;0.278655831;0.26763708;0.31283243;0.263750572;0.299897772;0.292094055;0.265818065;0.277085719;0.309111458;0.278450865;0.37712159;0.300247121;0.411544514;0.35206073;0.35059467;0.328149951;0.337804663;0.360340662;0.343261236;0.407692933;0.333825484;0.314682961;0.331592426;0.288595271;0.280303843;0.325612783;0.268729961;0.26005218;0.300292934;0.262911908;0.330854066;0.304972756;0.299825257;0.30349648;0.295115668;0.309692733;0.296159708;0.291514628;0.283344227;0.261376849;0.335262845;0.260205217;0.309576089;0.301066555;0.309626013;0.243081279;0.289857879;0.323321958;0.33409516;0.337003601;0.360242158;0.319720936;0.319806412;0.348129697;0.288847297;0.330891705;0.284306738;0.33012405;0.306232045;0.312641209;0.309412415;0.326868971;0.317821853;0.338701949;0.320067386;0.302705622;0.334296957;0.352384336;0.293743029;0.307030191;0.330936253;0.320614614;0.305492133;0.328941703;0.315258181;0.299823022;0.322340637;0.317658916;0.34309914;0.300017089;0.329195744;0.297430716;0.286630765;0.325282618;0.314469874;0.317811392;0.348386317;0.310948923;0.314933762;0.270480707;0.291406542;0.318681228;0.373530269;0.324048489;0.362269735;0.262303185;0.262822211;0.296256557;0.314243143;0.281403638;0.262566239;0.236651635;0.30651813;0.301914501;0.262498569;0.22567735;0.279024959;0.250140481;0.297628261;0.269695859;0.25871251;0.252868641;0.343636359;0.257633409;0.23426955;0.300851747;0.284618132;0.248450005;0.25624564;0.240901023;0.280336656;0.294525867;0.272136745;0.304068071;0.288149262;0.286682859;0.302865542;0.247987512;0.295634007;0.279331774;0.277253369;0.273640911;0.259486628;0.265081742;0.292225921;0.318406887;0.286520642;0.27511736;0.229256948;0.286196818;0.3104303;0.255905825;0.278148127;0.31185317;0.282393716;0.237231052;0.301646945;0.258884493;0.290899247;0.28122654;0.261239606;0.267739661;0.277393752;0.264160797;0.245541093;0.276757799;0.308191468;0.289346558;0.212900779;0.240230027;0.301890534;0.272020299;0.305634344;0.282193219;0.27758047;0.291540563;0.235218789;0.3175999;0.340065114;0.351926024;0.334361255;0.310003733;0.309760129;0.303168774;0.314525223;0.365438372;0.296360868;0.309147783;0.29235477;0.307888076;0.309327292;0.309949584;0.296719931;0.299915202;0.306977135;0.316561103;0.272759516;0.288394153;0.308123583;0.285215795;0.298185001;0.304894857;0.344485843;0.340783432;0.349751309;0.339549768;0.325282001;0.334180176;0.399944174;0.357754171;0.315386629;0.34124967;0.325780861;0.323102392;0.313988693;0.320267196;0.310014343;0.354615903;0.281180158;0.302034205;0.359847476;0.328148887;0.26564956;0.284649566;0.310593873;0.270701426;0.301596887;0.318611965;0.321083862;0.274316394;0.305441953;0.290277172;0.31551484;0.27538052;0.250208054;0.316180813;0.328894895;0.289633026;0.2820716;0.295898952;0.305301106;0.23433416;0.308699653;0.33566165;0.285237166;0.25414117;0.316539448;0.294536889;0.277747524;0.301771961;0.270316049;0.290216647;0.27753372;0.269551206;0.280986466;0.277463418;0.290563934;0.342585951;0.287997978;0.300903924;0.278354522;0.26059315;0.283616215;0.314091936;0.302903702;0.289541997;0.260776435;0.314221119;0.270467544;0.28358326;0.279699631;0.244983234;0.28157156;0.288736022;0.294215672;0.309923363;0.292813535;0.26597245;0.2740913;0.264347896;0.305855393;0.27833607;0.288867682;0.274365857;0.292202972;0.311699823;0.282439833;0.301231515;0.29568402;0.346586071
B11;0.160493314;0.154859439;0.15368098;0.192882415;0.173482882;0.172987229;0.178738531;0.170773004;0.197938535;0.182896949;0.180707112;0.194394764;0.191952322;0.196095813;0.183321998;0.183741447;0.164174311;0.196368158;0.176461149;0.185435869;0.18650845;0.168551183;0.169471425;0.152514941;0.167162761;0.157675877;0.193039324;0.162885197;0.178891376;0.203140724;0.189581776;0.135509813;0.151213239;0.170835412;0.160844329;0.173082508;0.15929969;0.163131055;0.16701786;0.160255801;0.190815714;0.201255354;0.190989348;0.185972703;0.144357657;0.193101548;0.149739861;0.177109759;0.151214284;0.186073246;0.20127305;0.18254142;0.160571322;0.176142517;0.172874546;0.17035937;0.184994976;0.186158788;0.158542458;0.176546833;0.171424773;0.182784777;0.17209225;0.181338063;0.174585587;0.169023621;0.186486858;0.155781597;0.171442594;0.178510213;0.199438229;0.192814671;0.198469532;0.170814842;0.172547525;0.190738618;0.164772636;0.204999188;0.193825267;0.19622742;0.203887599;0.184578305;0.174454033;0.186002892;0.191513821;0.174716863;0.203041119;0.195728031;0.180799011;0.202407274;0.179529992;0.181687765;0.160682791;0.16996548;0.192899728;0.156272296;0.15884515;0.174742162;0.177386671;0.151670339;0.157405458;0.164082639;0.177794459;0.157934666;0.17993895;0.172239112;0.175228265;0.172801667;0.189086132;0.178896791;0.175733052;0.189814173;0.179656205;0.173775086;0.176906186;0.178059433;0.179272324;0.178200349;0.175180539;0.183863478;0.171028826;0.187958345;0.173420091;0.167069596;0.189886443;0.186129861;0.17969615;0.173516949;0.189672619;0.177920558;0.182269442;0.181586396;0.188181373;0.179410297;0.178895494;0.171031028;0.178521391;0.17691353;0.187554407;0.165441141;0.161623593;0.18092043;0.17261077;0.178736228;0.190793154;0.177052026;0.174815106;0.155530351;0.165664986;0.180184779;0.194759619;0.178997315;0.186689895;0.158486743;0.168787676;0.165329542;0.174924018;0.161631022;0.159563893;0.140443265;0.164950527;0.169638315;0.170754973;0.161720428;0.176659536;0.144063786;0.159856046;0.197240047;0.148377925;0.168143205;0.228593384;0.155675605;0.143772537;0.169178925;0.168860648;0.154894379;0.163125348;0.164778981;0.166377895;0.161898658;0.173731458;0.175273821;0.162741495;0.158696681;0.159066588;0.14062334;0.161353979;0.141094792;0.152171005;0.144893763;0.159807906;0.143715489;0.155911696;0.176253755;0.161261111;0.136338029;0.125285525;0.146912433;0.162256053;0.147967297;0.163437596;0.157861214;0.15362528;0.131406964;0.153367291;0.143690272;0.166334987;0.156493372;0.141887853;0.143654596;0.15455578;0.149700239;0.157771671;0.162217528;0.168487017;0.156663132;0.121482147;0.134381625;0.167718345;0.150346324;0.17576367;0.144746579;0.152345195;0.176056109;0.12565754;0.176159039;0.194572788;0.190304932;0.16823442;0.164561473;0.178007928;0.1782191;0.175984097;0.198876951;0.180638927;0.176397793;0.183278967;0.186636942;0.187339336;0.185805704;0.170096956;0.187805258;0.186232352;0.185851555;0.166310791;0.179441813;0.189629126;0.183577937;0.198413255;0.187916603;0.187811372;0.18025041;0.178588919;0.178652894;0.175569946;0.164155468;0.190766048;0.171032455;0.183698747;0.200783347;0.190207858;0.195589833;0.158620585;0.163314876;0.170190319;0.185424703;0.149393275;0.170197576;0.182286635;0.17265727;0.151183507;0.174348918;0.173117444;0.161652863;0.183451362;0.163650863;0.166411531;0.154948795;0.160689704;0.165637542;0.158679966;0.16099418;0.140848093;0.171888071;0.175888759;0.152818208;0.180849502;0.158714883;0.155641961;0.130928034;0.166949019;0.168976063;0.162390791;0.139534259;0.157315594;0.15912807;0.189628819;0.169472706;0.157012615;0.155864131;0.152267091;0.156787288;0.15469674;0.149141341;0.164505612;0.165916783;0.150657035;0.167661212;0.155412287;0.143170822;0.158965878;0.168751225;0.160902175;0.161010858;0.147647093;0.166217384;0.141291124;0.159518012;0.162033737;0.140014075;0.158770077;0.153267658;0.159024626;0.164053571;0.166680247;0.147806067;0.155191627;0.14446486;0.181139089;0.154373884;0.156727629;0.182307392;0.148386292;0.173151862;0.159638012;0.182582915;0.168026589;0.17597533
B12;0.070774122;0.070931625;0.065643219;0.085422067;0.076138824;0.077762672;0.077601422;0.077036006;0.086984932;0.078517416;0.079057084;0.08575823;0.083103996;0.086003914;0.082662723;0.077952605;0.072132424;0.08448032;0.077258261;0.082028285;0.085179287;0.074837648;0.076833634;0.066452763;0.075512507;0.067563931;0.0830217;0.074400783;0.078262981;0.089518309;0.086013092;0.058429131;0.067335408;0.071861494;0.069349981;0.079899126;0.073525567;0.07568191;0.077533182;0.07813973;0.082545677;0.090241693;0.084875162;0.084348689;0.06242233;0.085786475;0.062933749;0.07766459;0.064585799;0.081271609;0.086648699;0.079296975;0.069695303;0.079987518;0.07612859;0.078787848;0.091288122;0.086796646;0.073042883;0.08465749;0.077846218;0.091475863;0.082767116;0.086626148;0.084219293;0.080342032;0.086670953;0.070423235;0.072597897;0.083876136;0.090093625;0.088661578;0.088737795;0.073324706;0.075603481;0.082613528;0.072073992;0.089579229;0.086894453;0.089062028;0.098002193;0.085184622;0.078006322;0.082762556;0.094459251;0.081774703;0.100006574;0.095789234;0.078931356;0.093616308;0.085172507;0.08446942;0.071402325;0.076300729;0.089925565;0.072293961;0.07271435;0.083252995;0.074892947;0.070500971;0.067037283;0.073763488;0.081097165;0.077030599;0.085885892;0.075030309;0.077700945;0.07512141;0.081792945;0.079882494;0.07836855;0.081661137;0.085933593;0.076877443;0.083217548;0.078493437;0.081066287;0.079589003;0.078069198;0.08014884;0.074825935;0.084823545;0.077909886;0.076449879;0.082408268;0.082591701;0.082282193;0.077264303;0.085577805;0.07936232;0.08181773;0.08024591;0.086086895;0.085673574;0.080927005;0.072663391;0.074415736;0.079591513;0.085238686;0.072330602;0.072102731;0.081522008;0.07540757;0.078672703;0.085611636;0.078943455;0.078233536;0.071158852;0.075986943;0.082851632;0.083407031;0.07884513;0.081600524;0.069137964;0.077916497;0.073221095;0.074234612;0.071940051;0.071048193;0.061328728;0.071314685;0.076518802;0.080725834;0.07763401;0.083360985;0.059417474;0.068290737;0.099574691;0.060632935;0.084707044;0.112219054;0.067225496;0.063705897;0.07304153;0.075685626;0.071106055;0.074264131;0.078918116;0.074422536;0.069075808;0.079201974;0.075951163;0.07042579;0.071614677;0.067929758;0.061665668;0.070555903;0.059984247;0.065649075;0.061353809;0.074647584;0.063935696;0.065699042;0.076329332;0.069245661;0.057875078;0.053701912;0.062727969;0.069679324;0.064827311;0.070718652;0.068006415;0.065093148;0.053640432;0.06383033;0.064236973;0.071799377;0.06737816;0.060370287;0.062305166;0.065298734;0.066499381;0.073478125;0.070487341;0.07255672;0.064748146;0.051402789;0.058661971;0.073754906;0.063938832;0.075652523;0.061182991;0.066558556;0.078304486;0.052668084;0.076691281;0.085411275;0.083643753;0.071242864;0.071484885;0.079189198;0.081010658;0.077170084;0.088299882;0.081469376;0.078476008;0.080970518;0.084623481;0.084802645;0.082929881;0.076570857;0.088630935;0.08393164;0.08264189;0.074258331;0.082089683;0.087224677;0.08639995;0.093331171;0.08981392;0.079530866;0.077324376;0.075867886;0.078016758;0.076553354;0.068835295;0.080235218;0.073890595;0.08428051;0.09082679;0.086069187;0.089232566;0.068255339;0.071052399;0.073289654;0.081408608;0.065359504;0.074653791;0.079027546;0.074093269;0.067238192;0.081108078;0.076959316;0.074193513;0.085832115;0.073293911;0.073916036;0.069079284;0.072974255;0.073325897;0.068921949;0.071968347;0.06254775;0.077894178;0.078597096;0.068194417;0.08525905;0.071181692;0.068718091;0.056111491;0.072333595;0.074162295;0.073356338;0.0627214;0.070454784;0.071599702;0.093347426;0.078993941;0.074618652;0.067644274;0.067381354;0.070605379;0.070025053;0.063434342;0.07510845;0.071229888;0.065444533;0.074601572;0.068002962;0.064724579;0.071319938;0.074255701;0.069552218;0.069668999;0.065412083;0.072619159;0.060426983;0.071852107;0.071838759;0.063752757;0.070174487;0.067861444;0.068828298;0.072934206;0.074450929;0.064089776;0.066509166;0.063980271;0.085634531;0.068972118;0.069403705;0.085766015;0.06391365;0.081849335;0.071446924;0.083784331;0.075415735;0.076013057
