Nome;1000;1001;1002;1003;1004;1005;1006;1007;1008;1009;1010;1011;1012;1013;1014;1015;1016;1017;1018;1019;1020;1021;1022;1023;1024;1025;1026;1027;1028;1029;1030;1031;1032;1033;1034;1035;1036;1037;1038;1039;1040;1041;1042;1043;1044;1045;1046;1047;1048;1049;1050;1051;1052;1053;1054;1055;1056;1057;1058;1059;1060;1061;1062;1063;1064;1065;1066;1067;1068;1069;1070;1071;1072;1073;1074;1075;1076;1077;1078;1079;1080;1081;1082;1083;1084;1085;1086;1087;1088;1089;1090;1091;1092;1093;1094;1095;1096;1097;1098;1099;1100;1101;1102;1103;1104;1105;1106;1107;1108;1109;1110;1111;1112;1113;1114;1115;1116;1117;1118;1119;1120;1121;1122;1123;1124;1125;1126;1127;1128;1129;1130;1131;1132;1133;1134;1135;1136;1137;1138;1139;1140;1141;1142;1143;1144;1145;1146;1147;1148;1149;1150;1151;1152
11/08/2015;570.7806245;589.91133;495.1835548;774.9151824;683.229064;612.785324;611.40301;610.2837945;792.7952569;646.8161943;615.5620553;843.862776;710.3398744;808.086514;699.4721131;749.0779014;594.3704581;763.4792;643.4679803;688.8892356;674.8067557;574.3694422;563.951004;555.0608487;620.9837468;558.8023256;758.7266553;606.9155788;607.6761827;806.1915739;766.8521665;452.358258;577.638191;564.2547877;576.4285714;588.2197891;605.3637888;584.4212245;629.2808163;536.6781425;637.2171429;725.1083004;802.0497553;682.9771429;556.4953586;814.6761453;524.9570502;635.7063622;521.0342577;708.9109076;749.8959044;565.0640125;529.8325434;677.9183032;614.5612648;556.1005868;652.2997658;607.9051383;552.8727569;625.2649165;609.0032626;668.7867893;611.2852737;603.0131363;535.5947324;555.0367047;669.4310078;519.9559435;636.5788177;587.597551;634.1273317;656.0978903;685.9878345;579.9424635;621.1877424;773.4738486;586.3297959;724.1225605;760.9675214;734.1528861;809.44;589.0304212;632.7996756;513.4628752;630.1797932;648.7461351;693.1603306;648.6672145;588.4040323;652.2318367;734.5318108;630.1514143;588.1109285;639.5110357;664.7140613;564.6777685;562.7544605;633.5248169;715.440102;568.0907577;572.1395918;614.2885958;692.2105263;586.7782194;635.4942623;648.3723978;723.233279;674.9983008;771.3474715;718.4617913;680.1112985;751.6207178;622.2794235;716.4272;641.9057851;645.7781226;692.6216216;680.1478632;637.588697;745.9820513;673.6324278;719.978636;688.3947826;628.9343475;735.3491525;580.9748625;628.4090909;591.2111201;667.7869388;613.12969;649.6973479;608.8254098;672.3518072;599.5986949;673.7258719;645.4446228;707.5123153;618.5583673;780.7858963;585.3484965;603.9820555;584.2941176;726.8261224;713.328201;632.3012658;744.8321624;714.5352798;560.0619694;576.5598651;605.2767347;794.0244519;642.2211615;656.5340357
11/08/2015;571.3626902;586.8563218;495.6054817;760.9457167;679.4047619;615.8907104;604.1580268;608.7486166;781.7090909;648.848583;613.8118577;851.3809148;707.5981162;812.8905852;696.7839749;746.363275;597.5276461;762.0352;648.5073892;697.1513261;681.034564;572.7073565;556.9598394;552.8110488;615.2745937;553.0620155;778.2860781;609.356832;610.6460033;797.1414944;751.4987256;452.6516023;574.1934673;575.1598668;575.76;586.9416058;604.372171;580.8595918;621.5967347;532.572458;638.404898;731.4632411;792.9445351;686.4620408;549.5620253;811.7661927;521.2123177;640.3800979;528.6533442;725.9342215;752.3011945;568.5081967;522.7812006;676.6142969;616.8363636;551.3235541;651.6432475;602.5241107;551.771615;623.2100239;606.0252855;665.6312709;608.5235158;597.9129721;543.0671198;556.0065253;666.644186;519.6849543;641.7077176;580.8946939;615.8410381;634.4489451;663.702352;583.8314425;627.8657874;773.0210773;583.0563265;723.9203747;756.7820513;733.7433697;795.8979592;592.1302652;632.8702352;509.3957346;628.5409706;648.7306753;704.6438017;653.1224322;590.708871;651.5477551;730.1973899;625.9259567;588.8553821;651.1366723;671.7014925;561.9833472;564.6074766;637.908869;711.3746814;563.1232306;568.2636735;614.0403413;698.0754124;589.7782194;644.9622951;646.1896685;721.0970636;681.9634664;769.5831974;714.4700082;679.4730185;750.550571;620.0840673;712.7304;637.4355372;644.5764158;686.0982801;675.7196581;631.4607535;744.4324786;667.6604414;719.3229252;679.1747826;625.0848679;731.0084746;579.871956;626.4329738;587.6438356;662.4359184;612.7781403;640.4102964;609.1827869;668.3791165;599.0791191;674.7112733;640.0730337;708.3275862;618.4620408;776.8045879;583.0578258;603.733279;583.7912973;724.4571429;713.171799;628.9156118;744.0819672;714.4371452;555.1859083;576.6492411;604.684898;797.3937605;646.2354813;653.1401945
08/03/2016;670.8983187;614.2512315;630.4784053;760.8532655;708.0648604;662.7673692;704.993311;683.9217391;762.601581;717.7376518;707.5936759;825.6916404;730.4686028;785.3494487;643.2120974;785.1232114;648.7006319;782.8168;671.6461412;695.0717629;715.538099;681.716249;652.5236948;678.3642914;653.1984602;676.4348837;803.8548387;670.1218451;683.3964111;797.5667727;749.9048428;628.1881676;633.1876047;714.0499584;731.5526531;602.3195458;641.1450126;625.7028571;676.64;574.133707;721.5216327;722.1422925;789.3531811;690.5991837;632.7662447;818.1105845;652.8063209;685.2642741;668.8115824;733.662781;767.6766212;677.0148322;674.1200632;612.4713276;688.0166008;609.4241408;680.0335675;629.3992095;656.540783;608.0214797;684.9673736;640.8093645;669.9922899;614.6510673;646.2548853;628.37031;709.3697674;666.3881962;747.5410509;649.6081633;661.2765612;694.7223629;673.0324412;687.719611;736.3700543;752.6393443;652.7559184;749.4605777;762.8153846;741.0842434;758.6563265;639.8798752;670.2846715;582.4605055;672.1026253;699.4222945;718.4347107;697.2070666;650.5556452;706.0114286;735.7732463;665.546589;692.7345933;690.5449915;579.1288295;1003.13239;893.6525064;817.5101709;952.7009346;792.5512073;1165.355102;694.2769589;684.5137471;1015.72973;860.8442623;886.1380108;930.4168026;1200.566695;825.4681892;1108.765818;720.2200675;742.4021207;642.9959968;648.0744;643.8140496;650.8176881;685.981163;673.7478632;701.2708006;756.1094017;683.7275042;722.0172555;648.1982609;661.9247398;745.840678;721.3417125;673.6194145;657.0870266;692.9893878;680.3181077;685.049142;722.5565574;738.6923695;684.3964111;737.6853204;688.8378812;722.6937603;672.802449;780.306712;670.6576715;695.1704731;646.9460113;762.482449;743.2212318;665.5232068;770.3911007;760.4517437;630.2758913;650.8330523;654.837551;805.8254637;747.0047733;725.4724473
07/04/2016;608.4011209;582.1091954;565.7134551;742.4274809;656.679803;629.8665105;629.2516722;626.4055336;719.9652174;682.0898785;641.2442688;821.7208202;691.6742543;775.7472434;628.8829537;748.9833068;595.9984202;757.6712;623.6781609;682.2410296;664.1665357;604.3702506;587.6995984;609.9439552;609.1668092;585.9992248;795.9651952;615.1409922;638.5236542;770.6216216;683.0203908;537.548069;594.5946399;688.5886761;670.1983673;554.0859692;595.9002515;577.9093878;597.4702041;520.9343475;664.8457143;666.8110672;745.9828711;647.7428571;564.8312236;805.2503949;575.7787682;646.0106036;613.4249592;713.0141549;751.0887372;610.5058548;602.364139;598.9379419;613.2347826;534.4124057;626.518345;588.4450593;578.8425775;596.6618934;609.3841762;609.8461538;579.4001542;582.5361248;625.5573492;558.7022838;664.6751938;572.8620116;689.5853859;582.0693878;585.5961071;603.8194093;624.5336577;632.1774716;687.6858029;756.9758002;589.8906122;696.9765808;725.557265;709.7223089;715.7559184;571.3026521;613.5790754;535.8056872;610.716786;644.8755085;680.4322314;621.0197206;581.9758065;643.4742857;689.5448613;600.6414309;619.1939195;661.2631579;675.1759623;564.549542;575.6083263;634.7062653;695.491079;564.3646961;574.1102041;605.810706;667.4234093;600.7893482;684.1647541;637.614495;673.6941272;705.6992353;726.312398;689.9737058;684.5379427;722.8384992;590.7389912;634.5168;596.7884298;628.038014;652.3079443;657.9529915;659.688383;721.1683761;655.6825127;700.232539;610.2495652;607.4771817;705.6254237;644.7399843;624.7365177;609.1780822;653.0587755;639.2063622;625.2948518;642.9098361;683.2297189;615.2862969;687.8775345;633.329053;676.4614122;625.9689796;717.8122345;613.4240555;638.9404568;592.8227236;705.7844898;696.1815235;626.0658228;708.5815769;707.6699108;584.7920204;585.4957841;614.5257143;790.5370995;703.318218;652.2625608
16/06/2016;499.763811;512.7504105;447.2732558;707.0966921;595.1313629;570.4637002;502.548495;569.486166;735.6790514;625.940081;565.887747;842.6908517;643.4246468;798.3681086;652.5616654;739.009539;549.4944708;733.2392;584.2011494;642.2870515;625.6763551;477.8237672;494.7670683;511.9775821;559.6398631;483.8813953;785.4983022;555.7745866;581.2063622;815.6152623;715.4630416;379.200493;536.8358459;550.256453;534.3289796;495.8191403;526.7728416;520.482449;554.6416327;447.8590873;570.0277551;648.8466403;767.6427406;625.6432653;491.7308017;880.2764613;453.4619125;598.1084829;484.5399674;706.2697752;743.6604096;478.19516;440.0078989;643.2427337;570.2450593;482.9220453;538.9812646;540.43083;484.5130506;579.0684169;546.0399674;600.3135452;530.4703161;541.8045977;476.3474936;514.8311582;636.279845;420.8911056;588.7881773;514.2767347;529.5239254;541.9172996;593.2935929;545.9602917;591.8952676;806.4629196;511.4661224;690.2396565;709.9025641;687.4570983;743.1567347;535.9266771;602.5352798;447.1327014;588.760541;648.7469487;632.677686;612.5258833;539.0596774;631.1591837;727.5318108;574.6605657;536.7403451;648.2308998;632.5506677;523.2039967;549.0815633;629.2628153;702.5250637;535.6136553;514.0342857;590.412723;688.3935585;604.2082671;644.4352459;594.6985351;703.5880914;712.3279524;761.903752;723.2744454;691.4291737;742.3988581;623.1865492;695.7128;626.2413223;616.2707525;654.1351351;674.3136752;631.6978022;757.1957265;626.852292;733.8200493;628.6173913;604.4323459;697.0533898;547.4823252;581.8967643;549.1933924;616.9420408;589.2969005;586.5078003;556.4967213;624.6771084;591.0497553;647.8045418;566.0272873;676.8899836;577.8865306;788.3101105;530.3670008;542.7659054;529.3666398;733.7044898;689.6118314;575.3383966;738.7970336;703.9829684;511.4473684;523.618887;556.2465306;824.4848229;656.9061257;629.3557536
26/07/2016;546.5484388;571.1543514;502.4136213;752.4334182;642.9573071;626.0991413;564.8285953;622.2996047;778.9335968;668.540081;610.884585;870.3328076;710.8956044;843.8329092;710.1759623;770.2503975;587.6816746;778.032;640.0500821;683.7106084;661.2450903;536.7647534;536.211245;557.9255404;597.0624465;550.2813953;813.844652;602.2680592;625.1166395;846.2337043;757.7680544;428.4437141;576.9706868;583.0865945;582.8016327;544.3568532;588.7619447;565.2293878;598.404898;504.897518;617.7567347;705.3462451;799.0269168;673.7257143;541.5518987;892.2164297;494.5510535;633.774062;533.1680261;732.0108243;792.4112628;537.8883685;501.3222749;692.6810683;618.4426877;525.1911148;596.5253708;581.8695652;537.0073409;609.8854415;578.3743883;666.6086957;567.3145721;599.6387521;529.8292268;564.9796085;677.2162791;484.1313383;642.3390805;570.9738776;583.1759935;589.2253165;644.7080292;599.0056726;634.5802948;848.9156909;560.6497959;737.0320062;754.5777778;725.0304212;793.1657143;575.6045242;643.8004866;489.0529226;622.9220366;672.0162734;681.5785124;650.9071487;566.7540323;656.7053061;739.0856444;601.4783694;564.441249;673.5483871;672.8790259;559.5537052;590.3296517;663.5231896;732.8776551;575.3538718;566.6816327;621.9076804;737.4846819;626.1661367;671.5188525;627.2644564;743.7446982;734.5862362;792.8409462;758.5349219;710.4165261;769.5309951;652.7077662;727.16;660.346281;650.93173;684.5298935;702.5205128;655.9026688;786.3034188;669.0288625;748.6672145;679.1921739;629.1585268;735.0305085;582.0981932;612.5654854;576.2328767;650.6138776;605.7406199;616.3939158;597.2360656;651.0722892;615.6150082;689.1808597;635.9229535;730.2504105;624.2465306;810.0212404;587.0123362;586.4747145;564.8936342;762.0440816;729.6426256;616.1510549;770.2482436;737.8767234;561.975382;566.9485666;604.0914286;848.2352445;686.7541766;678.2228525
15/08/2016;650.6773419;675.5270936;614.1071429;830.6793893;741.3128079;714.4238876;690.1714047;706.0466403;860.4577075;759.3506073;716.7011858;902.2129338;783.9968603;883.3409669;778.4469756;832.7511924;676.6721959;853.4496;722.000821;764.150546;750.0832679;656.982215;650.0506024;677.806245;707.0804106;664.6751938;854.2283531;696.2532637;707.8711256;905.100159;841.8776551;569.1051767;688.9606365;679.3888426;685.2408163;662.3941606;684.8139145;672.6726531;714.0783673;627.0552442;713.484898;772.9272727;875.1353997;747.7077551;657.921519;935.9984202;629.8541329;728.4469821;642.0473083;789.6652789;855.3703072;643.3247463;623.0165877;763.2663001;722.0252964;650.4953898;686.2669789;689.3960474;656.6084829;708.1002387;692.0848287;762.8235786;684.5111796;702.2832512;648.1002549;687.4787928;790.3744186;635.9858687;724.4901478;692.6302041;690.297648;712.6202532;744.0040552;717.0769854;717.8293251;908.5480094;677.477551;812.2076503;823.2811966;820.1801872;869.6261224;655.5530421;709.4484996;597.7235387;701.1344471;732.2628153;749.0082645;722.4691865;669.8919355;738.4473469;820.8964111;709.9550749;677.3615448;733.9719864;741.3071485;651.8859284;658.242141;725.9723352;786.1801189;674.3588676;668.195102;693.8797517;780.8146112;700.4737679;739.4213115;713.1865844;796.0293638;776.375531;848.2079935;792.6121611;775.2546374;824.903752;712.5324259;792.9296;724.7710744;712.6524438;755.5438165;769.5700855;729.6844584;833.8564103;735.8556876;811.6967954;759.7173913;720.4827862;809.1533898;670.6292223;706.7033898;686.256245;746.4212245;707.5579119;715.9859594;698.5737705;734.626506;707.0089723;751.7161395;720.2351525;800.2832512;700.3085714;884.0594732;684.843485;681.677814;670.0016116;840.6563265;793.4197731;701.87173;831.3247463;810.2408759;664.8539898;664.7478921;692.5020408;871.6779089;757.3707239;773.3111831
23/12/2016;846.9111289;704.3899836;798.5490033;817.5419847;877.6305419;789.0921155;891.9264214;829.4007905;883.7462451;839.7481781;857.4869565;904.2839117;836.2849294;847.6463104;728.6362922;865.7170111;797.6508689;878.0432;816.7208539;803.2051482;837.0149254;879.8609539;787.0281124;839.5660528;759.9794696;866.2418605;869.5466893;819.229765;813.8996737;896.4880763;870.0518267;834.7296631;730.5502513;805.1090758;850.1371429;736.0486618;781.7057837;736.4506122;836.1289796;724.6661329;849.6995918;799.7320158;888.5685155;799.244898;796.2185654;886.771722;845.2042139;820.7699837;830.9632953;838.7676936;859.8523891;824.3083528;822.2022117;703.2655145;805.6339921;786.3813915;781.5995316;718.3075099;768.3980424;707.8289578;850.9371941;770.6555184;755.0107941;721.0229885;755.9779099;748.2618271;844.2868217;806.8653367;857.9679803;760.9853061;874.8077859;864.6126582;835.9148418;850.184765;895.7532971;808.3106948;839.2195918;843.1327088;876.682906;868.801092;864.3085714;766.274571;718.0754258;745.7306477;731.6754177;706.465419;768.1082645;758.3730485;748.9653226;698.5918367;778.8042414;766.1447587;807.5620378;740.2750424;753.256088;718.4970858;714.3041631;698.6248983;845.5581988;695.1190674;789.8008163;736.6625291;795.1437549;674.7965024;778.3303279;782.8064765;754.911093;766.6040782;819.3776509;764.7099425;761.6770658;776.637031;687.6397118;726.4504;708.5173554;697.1264546;781.7624898;742.242735;743.5361068;796.6153846;791.7385399;760.6211997;728.6956522;744.9239392;826.9525424;802.418696;772.3420647;758.0346495;775.8302041;781.822186;784.2714509;831.3836066;815.6080321;741.4274062;806.5296026;863.2070626;820.4055829;801.4914286;834.5437553;795.2559753;839.2495922;760.6567284;824.5020408;792.8225284;774.5341772;825.0546448;829.9294404;777.7716469;771.9586847;764.5640816;838.5472175;827.3070804;841.2455429
11/06/2017;486.1769416;511.6543514;435.9343854;682.1450382;581.8464696;566.8946136;489.3444816;553.0237154;713.4189723;618.0955466;544.9667984;823.7011041;631.9262166;796.158609;634.9489395;716.3744038;555.563981;708.4776;604.1781609;649.2808112;626.8405342;476.9539208;488.5919679;495.4811849;545.2540633;477.7503876;773.6027165;536.1871192;587.495106;781.3704293;701.6508071;368.5488907;536.4874372;511.9050791;529.4587755;501.3349554;506.0209556;518.2857143;538.9053061;432.356285;578.1412245;632.6324111;740.7479608;633.8628571;487.8742616;864.5987362;433.4132901;606.4836868;477.8034258;709.3022481;730.4880546;474.2404372;438.2432859;622.2380204;553.7027668;477.9388097;548.1007026;543.4972332;483.6215334;552.9268099;557.0203915;576.1647157;518.4880493;519.6715928;483.5420561;508.2618271;608.7155039;407.4846218;588.2093596;502.2391837;526.0948905;526.1848101;572.7680454;522.1839546;551.7858805;761.1693989;494.2146939;672.4894614;682.1418803;660.0109204;692.437551;545.7730109;609.6512571;449.5157978;572.2720764;680.2465419;653.8454545;621.9235826;520.9040323;642.6073469;735.9013051;574.2795341;525.6162695;624.4957555;648.5223881;514.9850125;549.1512319;640.5549227;677.6474087;549.7918401;501.1804082;589.6997673;667.6166536;623.2806041;644.8032787;588.616037;684.504894;684.0127443;749.2014682;730.3270337;668.1500843;728.3425775;610.0104083;658.2288;616.1090909;603.8836307;632.5462735;657.9931624;606.4929356;721.8418803;614.6358234;718.8430567;601.1817391;590.7854283;674.2567797;538.2466614;557.4399076;514.4190169;605.9673469;574.0122349;562.775351;532.0688525;598.9831325;586.4159869;626.5036496;554.3274478;664.5935961;551.5428571;737.4715378;518.9059368;524.1264274;495.8517325;691.5746939;671.1993517;546.4025316;712.0062451;691.7810219;494.7275042;497.277403;540.2016327;765.8785835;619.0206842;608.7066451
06/07/2017;469.5108086;510.6986864;434.4086379;682.1518236;574.1067323;561.1725215;484.0468227;568.284585;711.9209486;626.9651822;543.0229249;808.2129338;624.5659341;774.259542;630.3087196;714.6327504;556.3799368;727.8632;588.5935961;632.8081123;619.9536528;474.886823;493.7807229;498.5532426;538.9435415;476.9186047;759.950764;539.8938207;579.6663948;776.8426073;694.9779099;368.9005752;530.0217755;511.8992506;541.6138776;482.0510949;504.1743504;505.4897959;544.9240816;427.2530024;569.2653061;637.1249012;738.2977162;631.3093878;481.9831224;846.3151659;447.0267423;608.7316476;492.3132137;694.3846794;727.0614334;472.5433255;447.3720379;619.7211312;543.4031621;470.0486169;528.9898517;527.627668;472.814845;542.3261734;555.5562806;580.9807692;513.1989206;523.4901478;479.9906542;511.0758564;608.851938;421.5153782;577.1288998;500.2914286;511.8191403;523.4270042;563.6431468;532.6936791;568.3452289;749.1592506;482.5559184;666.7135051;687.5273504;669.8205928;697.3673469;531.3346334;596.4444444;439.1745656;573.5990453;659.8283157;650.2661157;604.8948233;523.5782258;655.6040816;709.2781403;560.9750416;512.1002465;612.4702886;638.5490966;508.6802664;543.0424809;634.8209927;668.2574342;538.438801;503.7404082;579.3141971;663.1005499;610.9721781;655.5672131;583.5003855;685.2316476;677.4069669;732.5057096;725.3566146;661.9510961;727.5693312;588.4139311;649.8856;594.2157025;598.5748642;624.8230958;650.9008547;598.7433281;711.0811966;607.2529711;709.4954807;595.5008696;576.7029624;660.9398305;532.3660644;552.0916795;524.6478646;600.3167347;550.278956;543.1911076;528.7622951;586.1036145;572.9706362;627.4266018;555.4085072;654.5385878;549.4693878;726.4035684;510.8797224;509.6125612;494.1659952;682.8636735;655.3679092;549.771308;709.2818111;681.4728305;494.8421053;496.9139966;541.802449;773.7495784;623.7398568;603.3606159
21/07/2017;570.0448359;588.8021346;513.2815615;765.302799;658.9334975;645.9508197;594.840301;640.6268775;784.9968379;696.0793522;623.7715415;874.2184543;702.8901099;841.7370653;692.119403;776.8402226;626.1461295;806.024;658.6912972;705.7964119;690.0699136;576.1778496;573.8136546;577.1489191;622.0085543;572.296124;817.844652;622.535248;642.8384992;840.6343402;774.4842821;456.9991783;600.8324958;604.2123231;619.0514286;565.4120032;587.8541492;576.5608163;618.355102;517.623699;648.3853061;703.5075099;812.0350734;702.9028571;568.7552743;897.8965245;515.4959481;668.0252855;563.4706362;752.7577019;811.8046075;550.156128;535.0813586;696.3503535;635.5857708;557.4484493;622.5690867;619.2948617;565.367863;621.106603;640.1859706;671.180602;596.5265998;595.8555008;577.6618522;596.1402936;690.7829457;523.5976725;657.9926108;592.5453061;612.1232766;612.1535865;660.1403082;625.2925446;646.9612102;820.1053864;566.9510204;753.763466;769.6974359;747.5772231;779.5412245;601.3783151;664.1054339;518.4936809;646.7708831;709.9324654;717.0661157;678.9884963;588.5298387;699.6318367;783.0220228;630.5291181;587.8972884;680.7139219;712.1249018;584.8592839;605.7816483;693.7087063;751.6168224;610.2731057;587.5502041;647.7020946;733.3055774;667.0516693;707.8795082;648.3346184;751.9967374;736.3330501;800.8898858;778.652424;740.5244519;796.5831974;668.8943155;727.688;663.361157;665.4484096;693.0606061;721.5880342;664.55573;792.0846154;676.9932088;781.8216927;681.2826087;645.4107286;754.4830508;619.9709348;629.0631741;592.9927478;683.5371429;625.5783034;630.9383775;618.9532787;672.5983936;640.4608483;698.1573398;634.0377207;730.9441708;631.4595918;811.7230246;598.229761;599.4029364;577.7002417;761.9583673;741.8727715;636.9966245;783.4582358;751.5458232;565.1621392;582.2858347;624.3297959;832.4822934;703.4518695;686.8687196
26/07/2017;530.8502802;553.8538588;485.4709302;725.5165394;625.1527094;610.245121;536.8996656;594.8790514;748.0379447;657.5303644;586.8814229;835.2042587;662.3594976;812.9592875;665.1830322;736.5230525;582.3325434;764.8944;633.9425287;677.2839314;658.1484682;532.4858529;532.6562249;539.9567654;583.9991446;521.5906977;789.2988115;584.9016536;609.7267537;808.8767886;726.2497876;428.189811;567.7110553;567.1365529;585.4122449;530.8872668;557.9840738;551.5118367;575.4228571;483.9591673;609.9216327;664.8245059;763.5008157;668.6114286;540.028692;854.7369668;483.1256078;625.9502447;536.7659054;718.0258118;763.2585324;523.3130367;505.5647709;649.4053417;593.8814229;517.0293378;587.6346604;586.3897233;523.2585644;586.3452665;617.634584;631.888796;565.6052429;562.4761905;525.4570943;554.0163132;655.5922481;477.713217;617.7848933;543.2922449;563.9829684;576.2101266;611.0040552;573.8833063;611.9332816;785.167057;528.3877551;719.5355191;727.9333333;709.2464899;741.2571429;575.9524181;630.892133;477.4581359;611.9697693;675.1472742;681.5834711;626.0238291;555.1903226;670.3069388;740.3768352;592.3527454;560.7050123;636.9609508;664.6653574;533.1582015;557.826678;647.1936534;696.1206457;565.4646128;538.7812245;600.3141971;689.4296936;632.190779;667.0942623;609.1241326;695.3132137;686.9626168;752.3548124;728.1881676;671.9940978;748.675367;611.4675741;686.8832;617.5603306;600.8906129;652.6642097;662.5940171;618.7535322;737.0247863;645.2903226;724.2678718;635.8095652;601.1257006;703.7508475;562.9929301;579.5647149;543.0797744;634.0710204;581.3809135;585.6677067;559.2581967;625.1598394;591.0750408;666.6666667;589.1653291;693.6321839;581.1142857;760.6151232;550.0616808;550.3890701;529.3045931;716.3436735;700.1207455;582.9527426;744.1725215;713.1832928;531.1808149;539.6703204;576.0138776;788.6989882;655.372315;631.3063209
30/08/2017;645.0144115;672.5197044;598.5008306;789.0101781;710.41133;709.1943794;663.756689;699.3675889;811.8537549;734.9497976;692.7920949;884.511041;747.2362637;859.0483461;754.1304006;802.2750397;664.9170616;837.448;708.5139573;748.4648986;745.5569521;654.3807599;636.735743;654.3450761;695.0872541;656.3333333;836.6528014;683.100087;683.0783034;860.9864865;793.8623619;564.1758422;675.7051926;680.8517902;689.8555102;649.5993512;670.8130763;643.1257143;679.2465306;618.8630905;703.8236735;752.0395257;818.7161501;750.682449;637.4016878;913.5236967;615.6539708;717.1362153;649.8849918;781.2398002;826.1757679;634.1990632;636.8507109;743.1531815;700.3865613;633.7242246;694.3778298;681.9193676;656.7120718;700.0954654;702.8670473;739.8687291;666.4410177;669.9252874;666.9345794;665.2903752;750.1449612;634.9991687;731.1272578;673.5844898;675.3617194;677.1468354;711.1094891;691.487034;728.8603569;848.5222482;655.9673469;787.5823575;805.1726496;795.624025;813.3281633;657.5304212;702.9148418;598.6753555;695.4884646;723.2123678;775.2826446;722.4741167;653.3975806;739.6759184;799.4159869;678.3494176;669.9712408;727.3794567;757.9253731;652.2772689;675.0764656;739.4336859;774.8853016;669.2389675;662.7518367;694.4142746;770.0840534;698.3593005;777.6901639;689.690825;784.7047308;758.9175871;804.0815661;780.6918652;738.4561551;796.6639478;681.3530825;774.94;683.385124;715.7292475;738.1621622;736.9247863;698.2739403;798.3068376;732.8539898;787.8077239;745.746087;700.5692554;792.2372881;684.7556952;693.2681048;663.8509267;728.7306122;693.3621533;698.3978159;691.6991803;713.7381526;701.7862969;759.9967559;707.9317817;762.6592775;687.3102041;818.0569244;669.6869699;675.5758564;648.7735697;781.1763265;772.149919;688.8751055;811.0257611;782.9594485;678.1859083;655.0767285;692.6612245;834.4957841;743.0771679;734.9578606
19/09/2017;831.826261;866.8144499;802.8671096;964.0033927;893.9581281;883.1046058;873.8135452;880.0956522;983.0173913;918.5773279;885.8822134;1047.396688;932.0031397;1026.090755;946.4265515;984.9841017;868.1737757;992.9184;899.9441708;921.9680187;954.785546;867.3443816;845.215261;857.3434748;913.1633875;838.4953488;1007.48472;850.3472585;864.4453507;1058.740064;960.5454545;790.9942482;853.5854271;888.7235637;893.6718367;841.8937551;856.6823135;827.0391837;879.0546939;833.7582066;904.2334694;926.8695652;991.0766721;938.7330612;815.7637131;1081.460506;820.904376;910.822186;840.8858075;976.3896753;991.616041;844.9820453;834.4881517;928.3872742;910.4600791;856.3470243;893.9297424;874.8284585;889.9143556;904.6945107;925.6484502;932.5267559;895.306862;888.7405583;896.5505523;869.9363785;927.9992248;827.7024106;902.9014778;872.6040816;857.8799676;861.4616034;886.4525547;890.1126418;928.1854151;974.6151444;872.9281633;920.5074161;958.2119658;970.3198128;985.8857143;859.0429017;874.5879968;817.8096367;883.1901352;870.1000814;964.9330579;923.2777321;870.8346774;916.1355102;963.4584013;891.6131448;856.5324569;952.926146;940.6300079;845.3355537;851.1520816;887.812856;946.8937978;840.4621149;849.7804082;878.8882855;934.2168107;852.7400636;940.0081967;869.8319198;986.7218597;912.4350042;983.4151713;937.5645029;944.1728499;968.5905383;838.4035228;953.2272;858.2165289;878.3312645;901.6691237;911.8735043;878.7794349;983.382906;928.7903226;963.7534922;948.5756522;873.581265;964.8932203;864.5011783;874.6040062;850.1941982;918.5967347;870.6378467;898.6513261;875.6114754;912.5156627;882.1655791;953.4695864;895.8017657;939.637931;864.5289796;980.0212404;878.9414032;865.6402936;832.5181305;961.1379592;948.3160454;867.4042194;982.6744731;954.0332522;882.6748727;839.4283305;859.084898;985.079258;926.7358791;895.2658023
03/11/2017;875.4035228;805.3259442;863.5074751;908.8914334;925.2241379;859.7900078;938.3779264;913.8972332;969.883004;906.6380567;911.9272727;1004.522871;902.677394;950.4274809;877.8672427;931.4960254;887.3799368;936.368;905.1412151;907.9726989;944.8876669;932.9935327;896.5654618;904.6084868;866.3113772;896.5868217;931.6044143;884.7493473;892.4649266;960.4594595;946.3092608;863.6409203;827.3174204;891.7327227;926.924898;833.351176;857.7007544;828.9453061;908.1567347;801.9559648;923.1395918;898.9667984;983.0946166;948.3526531;838.721519;970.5126382;891.9773096;914.8156607;860.8458401;960.1448793;915.1177474;893.5909446;882.150079;818.1406127;906.627668;892.977368;903.5737705;846.1407115;866.0693312;883.5560859;945.7553018;903.4632107;854.0092521;845.0615764;859.4214104;850.3001631;962.4620155;855.2119701;882.9236453;848.1044898;898.3536091;905.3400844;922.7429035;910.5429498;918.6904577;891.8337237;899.6138776;928.7728337;983.4692308;970.4453978;952.7534694;833.1232449;834.9107867;811.3175355;864.1877486;836.9633849;898.3942149;888.0468365;862.8620968;856.682449;914.9893964;872.3111481;905.8520953;893.2419355;854.7431265;835.8109908;816.0373832;838.6037429;937.2251487;828.8276436;886.2122449;870.7812258;893.4634721;819.7511924;914.595082;875.8511951;901.9747145;870.3925234;927.1615008;889.5645029;909.5961214;920.2014682;837.2586069;887.552;854.446281;848.5888285;910.018837;867.4495726;869.5086342;919.082906;905.065365;914.8890715;871.4991304;877.2385909;939.5483051;873.1602514;882.4668721;860.8122482;923.0857143;875.7732463;905.5171607;911.5918033;929.6811245;875.7520392;905.0997567;922.1428571;923.0804598;890.0506122;955.3976211;876.2852737;919.3686786;837.4020951;961.5297959;909.0267423;868.7189873;958.0733802;941.9075426;873.8208829;846.8684654;853.7281633;945.8305228;914.4383453;933.0931929
13/11/2017;867.7710168;775.1256158;852.3513289;885.8278202;910.8366174;845.2552693;937.8436455;895.0474308;957.4387352;891.308502;883.7264822;984.3154574;885.8021978;918.5351993;840.5616654;924.3251192;862.1121643;917.22;888.9671593;906.9071763;919.9347997;932.1665319;868.5718876;896.7405925;838.4063302;897.3286822;920.2835314;862.051349;875.6582382;937.2265501;930.0900595;876.5497124;788.7914573;884.5179017;906.4759184;806.242498;847.0813076;799.0318367;902.444898;785.16253;914.7183673;872.7865613;968.6769984;920.8473469;828.2042194;957.0505529;886.1774716;896.0734095;860.8091354;922.877602;900.2397611;882.6018735;879.6769352;796.5176748;874.0039526;878.4132439;866.8711944;825.4086957;835.951876;843.6443914;931.8735726;853.6789298;822.7340015;816.2487685;830.5131691;825.0758564;926.9449612;850.1862012;872.6206897;829.7967347;908.4493106;913.6337553;909.6034063;896.4254457;912.0015516;860.7213115;889.1387755;912.3224044;958.4504274;958.025741;941.0587755;816.4352574;803.9359286;793.5703002;825.8854415;814.9772172;876.5991736;865.9958915;836.9919355;820.7583673;876.3140294;853.3727121;894.2867707;854.8735144;841.5043205;821.847627;787.6040782;801.4353133;919.6550552;797.9533722;879.0995918;846.8013964;870.0926944;794.8449921;895.9721311;877.386276;877.2675367;842.5174172;915.58646;870.2013147;894.5126476;917.0415987;809.5132106;858.7304;825.3966942;818.64391;896.6461916;843.4008547;853.899529;903.5623932;891.0933786;882.8512736;845.1217391;852.4515612;936.5474576;857.7549097;873.7727273;848.2119259;900.7371429;860.4722675;894.9937598;904.4704918;911.3919679;863.1305057;886.8134631;935.3202247;904.3932677;874.9346939;941.9328802;865.8812645;929.5203915;816.3609992;944.3330612;899.3338736;847.1265823;952.225605;935.2798054;866.4855688;844.5868465;822.8963265;921.9730185;895.7486078;934.6580227
01/02/2018;749.67494;468.7446634;698.948505;702.1569126;793.4047619;732.6549571;798.4046823;727.9770751;802.372332;743.2834008;786.8624506;822.7823344;695.8547881;767.1255301;700.1461115;793.4316375;690.1026856;913.5;725.2208539;715.6326053;768.54674;793.0751819;693.5919679;739.008807;491.7365269;773.1286822;797.0780985;719.0722367;702.7920065;823.6033386;794.3789295;738.5916187;673.6968174;742.3646961;787.4065306;677.9253852;589.8994132;664.6473469;734.7077551;744.4427542;758.7591837;726.973913;810.0799347;731.8857143;717.8624473;827.5916272;757.0705024;718.9967374;732.3442088;731.1024147;837.5955631;750.2638564;751.1082148;710.2584446;714.658498;677.3227158;696.7775176;650.6648221;670.0146819;611.4805091;742.5709625;670.611204;677.8673863;632.8054187;682.393373;666.2553018;771.944186;721.1130507;757.0812808;704.5665306;746.5068938;748.8835443;717.8605028;781.0575365;804.9681924;748.2701015;717.5436735;797.9882904;799.1871795;785.5585023;811.1289796;691.1723869;667.8564477;656.9842022;688.0445505;645.7355574;730.4297521;684.36894;668.4685484;670.0065306;719.319739;679.1838602;707.2259655;670.0509338;677.7187745;625.0791007;641.6015293;657.4955248;750.9413764;628.2256453;689.2155102;667.8518231;703.0274941;616.6041335;731.6639344;697.2968389;689.1362153;704.4086661;746.6484502;695.6327034;641.7074199;743.3980424;543.8678943;645.9608;619.0603306;630.3405741;649.4332514;645.3324786;563.6271586;756;670.5305603;726.9802794;648.5269565;570.6685348;765.270339;744.8208955;701.3197227;676.1289283;724.0187755;682.4624796;714.925897;757.0762295;739.3815261;678.3670473;747.2538524;758.6805778;723.864532;723.2032653;787.8436703;709.8889746;736.9763458;673.1466559;764.0212245;748.4627229;713.4734177;767.2076503;787.3284672;684.7198642;704.9662732;692.4897959;811.9089376;769.9101034;790.7106969
07/04/2018;619.2401922;583.5221675;577.8031561;716.783715;678.2939245;640.6471507;669.9648829;625.0648221;746.2656126;691.345749;729.2664032;796.9700315;707.5745683;775.9830365;642.2348782;754.3370429;611.7116904;766.9616;649.8333333;673.124805;679.7580518;638.9838319;605.6297189;624.4163331;622.6800684;630.8263566;779.4575552;623.4308094;627.3784666;793.0262321;679.71113;567.8438784;601.8835846;659.8709409;672.9012245;572.1832928;604.9907795;587.6073469;625.6408163;532.6357086;674.6261224;678.6173913;763.177814;660.9257143;597.9578059;810.9652449;597.971637;650.903752;622.6574225;709.8825978;774.1109215;636.4277908;648.635861;628.2356638;634.8727273;571.7091366;631.9843872;600.573913;598.1247961;587.0970565;653.5734095;611.5459866;605.693909;579.4868637;586.5403568;577.7300163;675.5;589.3998337;691.8136289;600.1322449;643.9343066;655.2194093;656.6780211;629.8452188;679.0783553;783.0288837;595.3559184;736.3848556;748.7333333;731.0795632;757.3877551;620.4765991;652.8775345;544.278831;671.4232299;677.8348251;727.7355372;655.5094495;606.8596774;713.7706122;709.3800979;635.2454243;620.5809367;672.6239389;672.2026709;701.3838468;644.5259133;675.8844589;868.1257434;726.519567;807.3085714;1191.12723;711.9080911;671.2448331;787.7;454.7008481;536.9738989;479.8079864;752.9918434;628.8660641;710.8709949;765.6745514;629.5220176;681.9376;644.1165289;665.030256;678.4291564;675.134188;665.0612245;750.257265;675.3964346;743.4453574;784.3182609;646.846277;731.0610169;653.2615868;657.2087827;628.4689766;675.0612245;628.3588907;641.1177847;667.5688525;688.2562249;638.9461664;702.242498;667.0176565;678.6945813;654.9208163;762.4384027;627.6499614;638.2039152;613.9290894;733.8212245;712.0267423;636.9603376;736.3793911;740.4468775;597.74618;599.9182125;631.8089796;775.8743676;717.1296738;687.7504052
22/04/2018;614.1281025;589.182266;578.3471761;720.2434266;675.8908046;652.2412178;646.7140468;635.7241107;754.855336;684.2566802;670.0039526;814.7752366;706.1648352;784.6208651;663.5255302;760.9856916;626.5963665;776.736;660.6568144;679.6903276;679.1468971;622.1495554;604.3534137;617.1881505;626.2155689;614.9682171;766.4227504;624.8468233;638.5448613;816.5858506;750.8802039;546.2695152;622.1909548;640.4771024;661.0857143;591.2895377;604.2036882;607.9191837;634.4342857;560.4851882;670.4873469;678.7106719;766.0464927;671.2759184;604.6;827.9581359;594.1701783;647.6680261;622.5562806;702.5861782;773.2790102;608.4418423;600.5876777;655.1382561;653.6996047;600.9614417;634.537861;634.2363636;612.1003263;615.9005569;667.7634584;640.9891304;630.2089437;606.3489327;590.5208156;621.593801;703.5;599.5428096;679.816092;625.8114286;632.2635848;648.9780591;680.5377129;643.487034;674.4197052;785.4496487;601.9967347;744.3333333;743.6880342;733.8572543;768.3371429;599.5390016;686.7866991;555.7180095;637.0843278;667.2408462;676.2214876;638.6770748;614.9451613;657.6930612;723.8491028;640.0291181;618.1709121;696.7945671;670.342498;591.988343;611.5870858;671.1952807;735.1546304;597.2514571;608.7844898;637.8401862;686.3047918;636.0524642;695.0147541;652.4225135;705.3368679;705.0798641;743.9200653;719.1010682;713.2487352;759.2610114;629.0168135;669.6648;641.292562;648.810706;683.2285012;682.1094017;657.9725275;756.5153846;660.008489;758.989318;644.9165217;653.8871097;749.1635593;641.8020424;661.0030817;633.0056406;682.6179592;645.0277325;654.7535101;664.2344262;690.8232932;647.1900489;696.7591241;665.3699839;686.0582923;661.355102;786.2633815;633.2266769;640.0538336;623.439162;751.3542857;702.6312804;641.6261603;742.5839188;752.5523114;605.7393888;612.4392917;634.0057143;487.2934233;524.6770088;711.2593193
02/05/2018;560.6909528;550.1009852;529.1453488;683.1068702;627.7807882;596.186573;588.4046823;591.3770751;708.9003953;654.005668;598.2648221;794.1853312;665.4607535;756.6607294;632.1358995;720.2686804;583.7116904;728.0896;614.5394089;650.0678627;641.0510605;564.9983832;545.8698795;553.2145717;580.8853721;553.1930233;751.5874363;569.2828547;607.4053834;755.1597774;684.2676296;493.230074;564.9296482;595.417985;601.1077551;541.5904298;564.1223806;560.2563265;578.7885714;499.9775821;620.6302041;628.1841897;716.6818923;633.9444898;536.9746835;794.4778831;531.7309562;616.5701468;560.6949429;682.0108243;735.5716724;571.2849336;538.278831;598.9552239;590.2387352;545.8541492;607.2177986;584.884585;554.0823817;589.5354018;613.8907015;604.3712375;563.151118;577.592775;557.011045;548.3760196;648.1930233;511.1371571;636.9269294;552.3346939;595.782644;600.1383966;622.2295215;593.0713128;625.4321179;740.9195941;554.0995918;668.74395;690.2290598;681.1669267;696.1510204;563.625585;610.350365;505.9478673;586.6475736;632.3816111;648.4586777;608.6532457;571.1;615.6881633;679.7324633;593.6322795;576.1101068;654.7631579;654.7297722;555.1482098;579.0314359;620.2253865;690.5717927;554.2323064;569.8661224;603.8425136;631.2466614;602.3903021;648.2795082;625.6507325;685.1606852;678.2684792;727.5856444;694.7666393;674.3785835;738.2626427;608.6277022;642.6216;609.9338843;622.6951125;649.2547093;651.365812;633.9733124;721.2529915;638.1468591;717.0041085;607.9173913;610.2241793;696.2610169;588.2670856;620.4614792;592.3408541;636.5755102;596.2838499;604.4563183;606.3639344;650.5453815;595.6818923;668.8564477;616.8226324;652.2668309;606.4326531;735.0654206;591.2220509;607.0783034;591.4585012;699.4146939;679.9643436;611.785654;706.1834504;705.9237632;561.1120543;560.1408094;601.8538776;761.7175379;668.3221957;637.4862237
27/05/2018;588.5428343;568.6157635;567.5905316;729.1340119;648.3752053;642.6198283;573.9255853;629.5264822;772.0806324;767.1668016;620.1146245;883.5457413;680.2354788;857.6064461;685.2160251;816.3863275;602.0797788;788.8312;684.3571429;716.2971919;675.1908877;568.8124495;558.335743;712.9079263;603.0581694;577.7643411;870.75382;629.6562228;627.3768352;835.0015898;765.7502124;470.9342646;596.8802345;615.3980017;612.3126531;551.7137064;572.1609388;570.5877551;574.3004082;510.8542834;650.2057143;670.0055336;784.5073409;677.88;643.2329114;901.6864139;573.1393841;648.04323;709.271615;741.9142381;805.3813993;547.8407494;535.7045814;662.5875884;612.7636364;531.2883487;595.4566745;580.9960474;543.4445351;589.1360382;620.5897227;628.5518395;575.4271396;573.3801314;531.5947324;566.0473083;677.1813953;504.8453865;634.226601;580;591.1800487;592.3831224;646.6707218;593.2658023;636.6532196;816.6846214;535.2040816;735.6526151;741.1700855;716.0959438;764.4334694;577.5663027;630.8621249;525.8096367;609.3587908;671.9292107;677.2446281;642.5209532;573.0483871;667.88;756.6631321;620.0906822;585.4428924;668.8913413;676.0463472;576.8184846;600.9447749;673.0846216;754.8232795;588.572856;581.6816327;644.0512025;710.0746269;650.7058824;697.7483607;657.4795682;746.0424144;733.4307562;789.5130506;776.4428924;729.5522766;795.3939641;635.501201;712.4488;654.1859504;665.8588053;687.6986077;709.4487179;662.0792779;783.525641;664.4303905;806.251438;654.0269565;650.0936749;745.1466102;600.0950511;656.5161787;605.4286865;626.1771429;619.2071778;641.8205928;625.8606557;645.8433735;621.2177814;696.0283861;634.9526485;711.1773399;632.9673469;808.5734919;592.690054;608.0758564;593.987913;780.1306122;759.0551053;617.5873418;770.381733;769.6439578;582.1400679;576.4468803;619.995102;802.5978078;717.9451074;676.1207455
01/06/2018;513.7614091;512.0106732;452.9186047;690.9117897;603.3472906;580.4644809;517.014214;558.9146245;702.2142292;630.3748988;558.9351779;822.8817035;651.7739403;787.6454623;637.9371563;739.4697933;554.5039494;734.228;592.7791461;635.8268331;628.325216;516.6887631;495.1156627;500.2730184;552.0615911;497.7736434;768.1078098;535.6623151;564.6508972;771.3648649;680.0730671;390.6943303;543.1834171;557.4338052;547.5363265;501.8483374;523.0896899;521.3526531;537.0759184;447.8999199;584.9542857;606.7098814;721.6060359;614.6995918;495.1679325;831.7393365;452.0388979;595.2292007;502.0203915;673.5278934;742.4283276;487.5854801;469.7298578;615.0117832;551.2371542;484.7552389;548.1334895;541.8901186;506.1647635;556.2529833;562.6557912;584.5359532;519.4494988;538.7832512;495.6745964;508.3262643;620.1403101;431.2119701;583.9220033;512.9763265;535.4728305;541.3257384;606.5255474;547.452188;584.545384;762.0054645;502.7273469;681.3895394;691.1102564;679.775351;703.5142857;524.9711388;568.3941606;451.3807267;541.8472554;607.3856794;625.8107438;578.5464256;517.6024194;596.5591837;688.3458401;561.3419301;527.1101068;627.204584;644.4548311;522.2647794;553.2098556;623.0268511;705.3568394;528.6452956;529.8644898;596.2862684;649.9143755;590.5190779;633.9163934;599.9020817;691.2626427;681.5174172;740.8980424;705.5636812;669.8634064;748.5097879;587.2554043;654.0792;602.4958678;613.5461598;646.038493;665.0239316;616.0761381;736.3008547;623.8081494;725.5916187;608.0217391;591.6052842;701.5771186;541.7219167;592.8035439;553.2175665;620.3469388;577.360522;576.274571;557.5155738;620.5646586;553.8058728;633.3406326;585.0674157;643.4121511;560.8669388;746.8640612;544.9306091;554.7389886;537.6414182;692.117551;677.2795786;583.2219409;708.2896175;697.3000811;521.3862479;520.6745363;562.9093878;763.9915683;640.2434368;615.9659643
21/06/2018;496.6669335;515.9162562;451.679402;664.9177269;576.7011494;555.607338;490.7784281;574.9802372;686.6750988;627.3109312;546.0758893;799.7641956;615.4230769;772.5080577;626.069128;718.3823529;554.4454976;703.6648;587.2397373;630.1973479;610.5027494;484.4268391;503.0578313;509.9567654;542.3541488;480.8488372;746.1833616;546.8328982;566.5676998;769.0874404;676.4587935;393.3804437;545.6407035;531.1365529;541.1877551;508.9205191;508.3252305;508.1485714;526.1779592;444.5740592;568.2089796;603.4007905;710.9616639;620.4889796;488.064135;833.7740916;435.4157212;592.8001631;499.8531811;677.8451291;706.8754266;481.3473849;462.6327014;604.7289866;539.3256917;471.4895222;540.8571429;528.3249012;479.4045677;552.4303898;539.362969;584.6463211;518.8658443;522.7298851;489.0016992;485.6378467;600.3713178;419.5311721;560.7224959;499.6073469;508.1240876;516.2042194;563.9253852;524.7244733;548.1838635;738.6838407;483.1738776;660.1420765;680.0760684;655.9711388;685.9346939;519.1544462;581.0186537;441.221169;547.5163087;618.0130187;613.9512397;587.0419063;505.1620968;596.9257143;684.2504078;546.0083195;504.2210353;612.3234295;626.4069128;504.3114072;530.15548;602.7721725;649.2735769;518.9184013;487.4595918;565.3351435;647.802828;580.9610493;612.6590164;568.998458;652.7243067;647.7306712;707.4119086;686.6113394;635.317032;697.0497553;559.8670937;635.3808;563.0793388;589.0457719;596.6961507;618.9452991;572.8422292;693.4683761;579.7674024;695.4527527;577.8026087;551.0552442;659.4322034;517.2293794;557.6217257;509.0918614;583.2310204;537.3572594;530.8205928;522.4540984;582.4088353;529.3621533;598.7380373;547.7215088;615.5550082;532.9853061;707.5683942;501.8203547;517.9657423;488.4327156;669.4889796;647.6418152;532.4962025;681.1826698;660.1678832;486;479.3794266;529.2204082;733.5430017;607.8520286;582.4862237
26/06/2018;538.6941553;556.7200328;499.8147841;713.8761662;625.9039409;607.4683841;542.6404682;612.0482213;758.913834;657.7546559;603.0529644;851.3367508;652.0007849;832.293469;671.8177533;772.0166932;600.1255924;753.4296;631.2413793;671.4633385;659.375491;548.4607922;556.0273092;554.0304243;603.9811805;538.1054264;781.7852292;587.589208;603.1639478;816.1868045;759.2922685;431.6055875;596.1582915;562.0899251;591.6644898;548.9716139;556.6144174;565.3134694;594.9289796;505.8214572;618.2604082;660.6181818;784.7495922;668.277551;542.814346;891.8112164;500.1572123;640.7463295;533.9632953;720.5903414;755.9581911;503.2490242;518.7685624;653.5404556;598.6561265;529.248114;574.9406714;579.827668;533.2830343;590.8910103;591.2781403;632.3871237;563.2058597;583.3128079;526.0101954;559.9004894;672.1007752;490.4256027;606.5796388;563.8130612;565.2522303;559.5983122;615.7112733;571.5210697;605.4057409;769.1046058;529.7877551;704.4395004;698.9059829;704.9578783;734.637551;557.2355694;620.7347932;498.6192733;597.6308671;663.5703824;655.8975207;636.4568611;567.4927419;643.0408163;756.8564437;607.7121464;563;661.5339559;662.6465043;573.7427144;585.6210705;673.4288039;714.2056075;574.3089092;556.8808163;630.3591932;710.8098979;644.2782194;671.8459016;626.4965305;724.7553018;695.7731521;760.0261011;754.6852917;701.4350759;766.2993475;631.9231385;690.3472;638.3892562;654.3576416;663.999181;695.6905983;635.5478807;763.674359;639.9388795;769.2243221;634.2513043;626.296237;725.3644068;563.2364493;613.0585516;573.17083;643.2293878;585.8548124;591.8276131;585.4311475;637.1502008;602.0089723;640.1719384;593.6934189;683.1494253;596.7338776;772.6830926;570.4479568;562.9127243;553.8815471;734.4097959;685.7982172;593.1122363;742.4933646;724.5709651;549.5916808;556.7369309;582.2106122;777.5278246;672.8822593;635.602107
01/07/2018;527.5468375;555.4753695;474.2466777;695.6649703;615.3587849;583.0905543;534.6973244;591.5731225;745.3130435;630.2251012;585.3873518;814.818612;650.7935636;803.9067006;666.3967007;735.7623211;586.2638231;728.4288;606.2536946;653.6279251;642.0652003;530.4502829;526.2987952;518.8446757;579.1017964;523.6968992;748.1672326;560.2402089;595.2177814;782.1343402;733.4723874;423.566968;557.7068677;539.949209;565.6253061;534.0786699;551.5875943;542.6783673;574.96;488.6076861;605.6571429;642.1051383;748.5636215;652.3640816;533.814346;838.0766193;476.9416532;610.1737357;509.0146819;689.3755204;725.3387372;502.1857923;495.2488152;648.8970935;581.5628458;521.1416597;578.273224;569.716996;517.9078303;577.6435959;592.4730832;621.8436455;561.7879722;569.5041051;511.7230246;551.8637847;648.8837209;469.2859518;585.6945813;550.0473469;570.1841038;573.7485232;632.1832928;564.0526742;589.1722265;766.4613583;531.9379592;681.7345824;704.5846154;685.0600624;730.1322449;558.9906396;604.027575;487.4778831;588.8918059;644.263629;639.5661157;615.0041085;557.3862903;625.3681633;729.312398;603.3935108;551.9268694;638.7512733;657.1186174;553.6178185;560.5165675;652.1838893;697.2565845;568.641965;548.7363265;614.8347556;689.0267086;615.1677266;646.1229508;615.7733231;707.2194127;676.6745964;750.3760196;730.2982744;687.005059;752.1663948;624.6773419;683.7472;631.1719008;638.9115593;647.7452907;682.8931624;624.777865;738.3128205;634.0398981;746.2202136;637.8182609;618.5564452;705.0533898;548.4642577;607.2688752;577.5253828;645.4440816;581.1460033;602.5865835;573.092623;629.264257;579.6957586;641.1735604;599.7319422;667.3357964;583.5885714;771.0968564;563.4911334;555.7055465;549.6478646;711.7910204;684.2341977;582.4962025;727.2654176;710.8231955;543.926146;541.9780776;575.7338776;766.148398;646.5131265;621.089141
16/07/2018;544.8751001;563.7044335;496.5564784;745.14419;636.8850575;608.8704137;552.4882943;620.429249;791.7897233;669.4704453;606.0355731;868.6805994;677.8720565;860.0195081;693.325216;795.7806041;601.2567141;779.8856;639.952381;681.9594384;666.0785546;535.2465643;539.8497992;547.1953563;606.5825492;539.7674419;806.2962649;591.0139252;616.1769984;853.2718601;784.8572642;430.6507806;585.7278057;560.3838468;594.3363265;555.5101379;569.2455993;557.8865306;595.0628571;497.6060849;622.077551;677.9667984;803.6468189;667.0285714;553.7147679;899.4170616;493.8727715;637.1353997;535.0146819;729.4970858;782.5068259;532.381733;508.3562401;676.1924588;623.5494071;532.9790444;586.5199063;600.03083;542.2414356;602.7032617;618.5203915;658.5050167;584.7193524;595.2422003;546.0603229;583.3980424;697.4860465;490.433084;620.0098522;582.8073469;577.9529603;597.8894515;638.0389294;582.5632091;616.674166;811.6221702;548.0571429;723.9547229;742.3444444;722.3814353;776.0489796;577.450858;638.9683698;486.4739336;596.3245823;665.9365338;673.0264463;645.1396878;580.0120968;670.1167347;767.8238173;611.250416;567.6622843;662.6044143;677.0369207;575.092423;583.5564996;671.9829129;733.2897196;579.4737719;556.3036735;646.3374709;724.3629222;640.6017488;693.1934426;630.2166538;743.3482871;725.7621071;796.7218597;769.6442071;723.5775717;793.9225122;628.3218575;725.9864;644.1661157;655.352211;683.9205569;712.865812;646.2103611;790.8700855;649.2207131;794.1930978;658.1808696;636.7245797;735.0330508;574.0157109;623.8983051;589.6075745;670.6179592;598.9013051;609.3588144;590.5008197;648.1526104;609.1615008;663.7193836;617.8322632;711.000821;611.5028571;807.9286321;569.463377;579.9282219;551.7050766;774.0497959;723.2171799;600.3054852;767.9570648;740.2084347;550.3073005;564.6905565;601.1689796;818.3035413;691.300716;663.8525122
26/07/2018;562.3947158;587.591954;519.14701;756.4707379;649.7110016;640.1007026;576.3770903;633.5462451;775.3256917;677.5716599;614.826087;853.0394322;692.933281;850.4826124;697.1523959;789.399841;617.1303318;787.3816;660.3489327;696.5444618;697.5663786;563.3629749;562.1807229;566.3586869;617.9597947;566.9503876;803.5560272;602.2088773;631.8719413;846.8084261;772.2217502;466.8003287;599.4974874;596.5795171;606.4236735;566.1419303;588.4350377;568.6579592;605.3322449;524.7421938;635.9314286;684.8940711;805.8368679;690.2693878;573.1822785;873.3199052;516.3589951;659.2088091;566.9535073;733.6003331;781.3677474;542.8071819;541.6445498;685.4454046;632.5162055;549.4727578;617.2279469;590.4924901;555.3409462;623.6849642;649.4649266;679.756689;593.9568234;598.22578;554.3993203;565.7699837;696.4813953;521.1645885;638.3817734;596.8032653;609.054339;623.9924051;667.999189;602.7909238;633.2505818;796.3544106;560.7044898;735.8469945;745.382906;738.2589704;780.4187755;600.4048362;648.4379562;522.7116904;621.361973;680.4125305;699.5586777;664.2366475;595.5241935;664.9730612;781.7536705;638.1289517;595.9334429;697.6171477;703.624509;613.8900916;616.953271;712.2359642;761.0237893;620.3613655;593.6612245;670.7610551;754.3802042;670.4880763;715.1057377;672.8519661;772.7977162;749.7247239;823.2251223;788.0558751;738.7563238;819.137031;667.5388311;757.0992;666.2347107;682.4096199;700.8607699;735.9495726;675.7174254;805.1418803;690.6859083;810.8192276;696.2313043;663.1833467;765.4567797;611.8334643;656.2958398;615.9758259;697.2914286;633.0252855;644.5101404;633.7590164;683.2779116;632.3523654;694.5920519;662.1805778;745.3669951;656.5289796;835.1257434;619.3762529;618.6215334;608.9854956;790.1746939;761.356564;640.9561181;800.9274005;775.2643958;598.2402377;604.2234401;643.5322449;833.856661;719.6929196;686.6920583
10/08/2018;550.8510809;570.9835796;519.1345515;726.1289228;635.7807882;610.7174083;558.1939799;620.8031621;751.373913;663.7287449;590.201581;831.634858;674.5086342;818.7463953;669.8279654;764.4022258;602.7622433;748.7976;639.5632184;685.5163807;679.8939513;544.5650768;551.3060241;562.7614091;603.9828914;541.651938;777.8471986;582.0191471;605.3621533;829.372814;764.8470688;455.2793755;586.8969849;571.7102415;578.1330612;561.6707218;571.5473596;550.995102;584.1273469;503.9711769;622.0914286;660.8482213;794.2463295;670.7469388;556.9383966;873.128752;505.4424635;640.9926591;540.8646003;718.4904246;739.059727;536.9008587;521.0876777;640.9905734;626.9596838;531.6865046;609.0320062;581.3826087;544.5807504;605.4757359;640.0628059;666.7842809;577.1611411;570.5426929;536.2523364;546.7088091;680.5643411;502.8736492;623.3793103;570.7893878;582.351176;602.6590717;629.5750203;592.876013;613.8432894;786.6034348;561.1534694;718.735363;741.2923077;716.9867395;752.9240816;577.2074883;624.8888889;494.7559242;599.9093079;652.5842148;660.707438;630.1783073;570.2717742;644.317551;753.3752039;601.0998336;567.9293344;673.0950764;674.8295365;564.2980849;585.2166525;671.7404394;703.2863212;575.6686095;555.6204082;633.4251358;701.0416339;628.7662957;674.0959016;623.7054742;715.358075;703.6312659;762.8270799;733.2021364;686.8246206;766.776509;613.367494;705.9336;612.7123967;635.6012413;650.8345618;680.0735043;630.8524333;736.0393162;649.917657;739.9104355;654.6095652;624.0816653;720.0711864;571.0157109;607.4661017;567.7896857;646.477551;598.6957586;604.1544462;600.052459;631.9068273;593.8099511;652.5766423;622.7191011;711.7873563;607.0857143;791.0118946;574.5628373;584.7324633;552.1522965;753.7183673;719.8055105;599.3940928;743.0991413;732.7404704;543.221562;553.3423272;593.5004082;795.7065767;661.7350835;643.8047002
15/08/2018;704.7798239;717.9876847;666.1021595;879.8346056;783.5311987;761.3879781;713.5267559;767.7581028;915.4901186;788.9303644;744.2150198;971.0039432;816.8971743;956.5122986;816.7038492;907.3553259;748.5189573;911.6408;773.8119869;820.9383775;835.6622152;697.9021827;716.7855422;703.988791;771.3781009;700.0116279;906.8633277;718.7684943;756.8939641;984.2392687;931.7238743;606.8940016;733.7537688;719.32806;739.1420408;701.1046229;710.8021794;705.602449;757.7363265;663.4283427;774.1559184;813.3612648;955.4902121;838.762449;703.0675105;1026.522907;667.3525122;789.0171289;688.8491028;856.9233972;898.9061433;675.5308353;688.2172196;816.5868028;768.5731225;688.2196144;733.3192818;731.0822134;689.7969005;753.7732697;781.408646;814.5225753;720.7879722;728.5073892;691.4205607;713.1574225;836.020155;676.8445553;765.8916256;740.9861224;728.9059205;749.4911392;792.0056772;734.2034036;767.0108611;929.6112412;695.9853061;867.7907884;871.3128205;861.74883;897.3640816;715.349454;774.1330089;657.7109005;759.3253779;799.6606998;823.277686;785.8069022;737.4266129;802.9061224;893.5766721;749.2429285;721.2358258;808.1825127;832.307934;743.6885928;752.8819031;832.9056143;869.5675446;754.0641132;737.675102;799.4988363;875.3275727;792.9228935;839.052459;789.3538936;890.0342577;870.3899745;943.687602;912.6811832;859.8617201;921.5897227;793.6076861;877.448;786.0636364;806.515128;826.028665;854.5692308;795.1695447;917.074359;823.1281834;924.8857847;841.3782609;792.6813451;877.3508475;730.7297722;770.1448382;718.5173247;809.2138776;746.1941272;775.798752;746.645082;791.2040161;753.9926591;802.3657745;777.7865169;855.091133;758.5518367;942.3050127;719.5512722;738.230832;708.5906527;906.717551;861.2082658;754.243038;898.6081187;883.2489862;712.2495756;708.4030354;741.4653061;926.1989882;811.7677009;787.808752
20/08/2018;608.755004;615.6535304;571.9543189;755.4410517;673.6921182;663.9422326;615.8620401;659.573913;787.887747;697.8882591;635.5328063;843.0591483;699.8147567;833.677693;715.0903378;783.0627981;632.2116904;784.956;669.4605911;704.8205928;711.8146112;608.7833468;599.4064257;619.2818255;647.2532079;605.7093023;802.9821732;624.0391645;643.1557912;842.8370429;795.2175021;522.2892358;634.141541;619.865945;634.7926531;607.3884834;619.4610226;598.1004082;633.1714286;577.1289031;664.6179592;702.3280632;814.408646;710.1142857;602.7932489;880.8112164;567.2350081;668.9632953;603.4812398;734.1798501;778.6851536;583.754879;581.5979463;690.1783189;677.4079051;592.2296731;660.5160031;633.5557312;603.1688418;666.8719173;693.0154976;732.3996656;627.1464919;645.9811166;607.1546304;605.7707993;742.7031008;576.9551122;658.7422003;632.0906122;622.1451744;643.9696203;685.4541768;639.8452188;669.2211016;837.3653396;611.8873469;760.0811866;758.491453;762.9937598;797.7061224;612.4875195;655.0137875;554.0868878;635.5338107;679.5362083;716.1578512;664.7518488;616.6169355;700.4783673;767.5603589;642.90599;613.0772391;692.8183362;715.0141398;612.6677769;624.6627018;702.4947111;734.0254885;625.080766;612.0253061;668.1419705;734.401414;649.5484897;707.702459;662.2783346;734.0269168;729.9379779;789.4853181;760.2736237;726.8187184;790.9192496;660.2954363;741.8448;651.2380165;687.1807603;695.986896;719.7042735;668.3194662;782.1487179;690.196944;774.8290879;707.6286957;666.3650921;761.129661;615.624509;655.2072419;614.0153102;695.8522449;642.7593801;655.0850234;643.3696721;670.6385542;638.3727569;688.5928629;659.329053;734.090312;651.1232653;810.7706032;623.3276793;629.5114192;607.3650282;779.9110204;738.1799028;649.8751055;774.9469165;756.3901054;609.1544992;611.0919056;642.3412245;800.8532884;711.2561655;683.1012966
30/08/2018;589.316253;617.6206897;560.4509967;735.3053435;666.7110016;639.930523;605.8277592;642.9944664;769.6355731;665.4097166;627.7272727;821.362776;687.7119309;808.2943172;696.0494894;763.0492846;605.5908373;750.3392;649.2052545;687.150546;700.0329929;597.4171382;578.8843373;601.1473179;652.0111206;594.227907;770.0628183;603.5178416;625.6280587;801.5667727;767.1818182;516.5677896;625.7520938;612.3422148;623.3869388;591.8199513;612.1701593;587.484898;621.6873469;569.7285829;643.4873469;686.7897233;790.141925;683.9167347;591.0590717;849.3902054;555.5802269;645.7822186;575.6818923;725.0815987;747.0742321;575.7345824;573.3665087;675.145326;662.973913;586.5934619;643.1397346;625.5541502;615.7349103;648.194113;675.1092985;752.1914716;621.1649961;631.4367816;592.584537;616.7487765;709.8472868;575.2202826;652.0591133;634.8269388;611.9051095;636.6767932;667.1922141;632.3606159;662.7307991;803.6479313;606.04;731.9531616;744.0854701;741.5772231;771.1134694;610.7722309;649.7761557;544.2132701;629.7486078;653.8958503;699.8041322;658.4535744;615.2282258;678.3208163;742.1166395;631.9109817;625.7986853;676.7079796;699.6480754;606.7860117;619.924384;692.5077299;726.3942226;615.3955037;606.0922449;650.4197052;718.897879;647.0317965;699.5229508;647.1002313;731.7006525;708.5836873;768.8768352;730.5924404;699.9350759;763.0415987;635.4563651;718.6328;633.7909091;681.0349108;689.1687142;693.5410256;652.7260597;750.4880342;677.5517827;747.6581758;697.1565217;650.9983987;735.3016949;610.991359;634.4714946;605.5721193;680.3804082;630.9437194;645.0210608;631.2057377;668.7100402;623.5;690.1695053;659.6155698;718.7348112;648.5559184;778.2039082;617.7016191;635.596248;603.369863;759.1673469;721.465154;630.907173;758.4777518;731.6244931;612.0466893;606.703204;629.5183673;782.8347386;696.9347653;673.8865478
24/09/2018;715.6677342;733.0706076;682.0548173;792.85581;764.8858785;760.0843091;727.0886288;758.4521739;834.8173913;771.5198381;733.0648221;893.8320189;794.3485086;883.8456319;780.1358995;854.081876;702.8799368;834.7344;756.1642036;782.1911076;803.4116261;721.6523848;701.4064257;739.9023219;791.6509837;705.7131783;867.040747;720.2123586;723.1019576;879.5930048;822.4010195;667.8940016;733.1582915;750.2781016;758.9828571;718.4752636;746.2338642;697.5893878;742.8416327;687.5860689;750.8359184;779.5960474;852.6606852;780.2881633;704.4092827;913.478673;694.4570502;741.225938;705.5212072;822.2889259;840.5332765;697.3567525;706.2132701;782.6826394;793.5754941;706.2942163;798.6557377;735.1114625;759.8466558;764.211615;793.2128874;802.4406355;740.3631457;739.9261084;746.9719626;737.1859706;832.5255814;705.9783874;757.5344828;734.3428571;683.9870235;719.8531646;753.2376318;750.4505673;791.901474;848.6338798;728.6742857;825.7002342;841.9350427;853.6185647;845.3583673;739.173947;757.5320357;673.8578199;766.5704057;753.6550041;830.4528926;795.9942482;718.3508065;834.2081633;849.7463295;756.7420965;741.1240756;801.2079796;824.7140613;726.8018318;726.8419711;803.0008137;807.1282923;741.4612823;717.6236735;759.8060512;813.6378633;748.4372019;824.5606557;745.3377024;841.6557912;807.8912489;859.5660685;826.6047658;800.8060708;853.3164763;723.8791033;834.268;728.0487603;764.3933282;794.8427518;793.3641026;747.5416013;845.8188034;808.1646859;819.2292523;796.353913;763.9151321;821.8737288;725.3456402;753.9845917;714.439162;787.3942857;735.3784666;741.0881435;749.1442623;776.2305221;738.7854812;784.7185726;763.2070626;821.500821;742.1020408;860.162277;761.922128;765.3947798;692.097502;862.7942857;815.2763371;732.0320675;858.4160812;843.2749392;727.4312394;717.6197302;738.1787755;852.5421585;812.230708;771.3833063
